gemini_query,gemini_answer,gemma_query,gemma_answer,llama_query,llama_answer,mistral_query,mistral_answer,vicuna_query,vicuna_answer
영국 Waitrose and Partners에서 회수하는 즉석섭취식품의 소비기한 오표시 문제는 구체적으로 어떤 내용인가요?,해당 문서에 구체적인 오표시 내용은 나와 있지 않습니다.,Waitrose and Partners에서 왜 즉석섭취식품을 회수했나요?,소비기한 오표시,Waitrose 8 Red Onion Bhajis with a Date and Tamarind Dip 제품의 소비기한이 언제까지인가?,2024년 1월 31일,이 문서에서 소비기한 31 January 2024에 소비가 불가능한 Waitrose 8 Red Onion Bhajis with a Date and Tamarind Dip의 제품 이름과 팔 크기는 어떤 것인가?,"Waitrose 8 Red Onion Bhajis with a Date and Tamarind Dip의 제품 이름은 Waitrose 8 Red Onion Bhajis with a Date and Tamarind Dip이며, 팔 크기는 230g입니다.",,"### Output:
[
{""query"": ""이 제품의 회수 사유는 무엇?"", ""answer"": ""소비기한 오표시로 즉석섭취식품 회수.""},
{""query"": ""해당 제품의 잉큐 날짜는 언제인가?"", ""answer"": ""31 양말 2024.""},
{""query"": ""해당 제품의 잉큐 지역은 어디인가?"", ""answer"": ""잉글랜드, 스코틀랜드, 웨일스.""},
{""query"": ""해당 제품의 잉큐 제조사는 누구인가?"", ""answer"": ""Waitrose and Partners.""},
{""query"": ""해당 제품의 잉큐 제조일자는 언제인가?"", ""answer"": ""2023.12.28.""},
{""query"": ""해당 제품의 잉큐 제조 번호는 언제나 230g인가?"", ""answer"": ""네, 해당 제품의 잉큐 번호는 230g입니다.""},
{""query"": ""해당 제품의 잉큐 제조 날짜는 언제인가?"", ""answer"": ""2023.12.28.""},
{""query"": ""해당 제품의 잉큐 제조 번호는 언제나 230g인가?"", ""answer"": ""네, 해당 제품의 잉큐 번호는 230g입니다.""},
{""query"": ""해당 제품의 잉큐 제조 날짜는 언제인가?"", ""answer"": ""2023.12.28.""},
{""query"": ""해당 제품의 잉큐 제조 번호는 언제나 230g인가?"", ""answer"": ""네, 해당 제품의 잉큐 번호는 230g입니다.""},
{""query"": ""해당 제품의 잉큐 제조 날짜는 언제인가?"", ""answer"": ""2023.12.28.""},
{""query"": ""해당 제품의 잉큐 제조 번호는 언제나 230g인가?"", ""answer"": ""네, 해당 제품의 잉큐 번호는 230g입니다.""},
{""query"": ""해당 제품의 잉큐 제조 날짜는 언제인가?"", ""answer"": ""2023.12.28.""},
{""query"": ""해당 제품의 잉큐 제조 번호는 언제나 230g인가?"", ""answer"": ""네, 해당 제품의 잉큐 번호는 230g입니다.""},
{""query"": ""해당 제품의 잉큐 제조 날짜는 언제인가?"","
"이번에 회수되는 Hassui Kamaboko Co.,Ltd.의 어육연제품은 구체적으로 어떤 상품인가요?","구자쿠 아카(孔雀 赤) 1개/진공포장이며, 계란을 어육으로 감싸 튀긴 연제품입니다.",오이타현에서 판매된 구자쿠 아카 연제품 중 팽창 및 가스 고임으로 인해 부패된 제품은 언제부터 회수되나요?,2023년 12월 26일,"일본 Hassui Kamaboko Co.,Ltd.의 구자쿠 아카 제품이 부패한 이유는 무엇입니까?",일부 상품에서 팽창하여 가스가 고여 부패 부분이 확인되었음,이 문서에서 어떤 제품이 식품위생법 위반 우려로 회수되었는지 알려주세요,해당 문서에서 가장 궁금한 것은 구자쿠 아카(孔雀 赤) 1개/진공포장가 식품위생법 위반 우려로 회수된 제품입니다.,해당 제품의 상품 팽창 및 가스 고임으로 인한 부패 사유는 무엇인가?,해당 제품의 상품 팽창 및 가스 고임으로 인한 부패 사유는 식품위생법 위반 우려로 인한 것입니다.
프랑스 Ducourau에서 회수하는 굴은 어떤 유역에서 생산된 것인가요?,아르카숑 유역,프랑스 Ducourau에서 회수된 굴은 어떤 이유로 인해 회수되었나요?,노로바이러스 오염으로 인한 아르카숑 유역 폐쇄,"프랑스 Ducourau가 노로바이러스 오염으로 인한 아르카숑 유역 폐쇄에 따라 굴 회수를 한다고 하는데, 어떤 제품이 회수됐나요?","Ducourau는 노로바이러스 오염으로 인한 아르카숑 유역 폐쇄에 따라 18, 24, 36, 72, 128개의 굴 제품을 회수했습니다.",어떤 아르카숑 유역 굴 회수사가 노로바이러스 오염으로 인해 2023년 12월 28일 아르카숑 유역에서의 패류 채취 및 판매가 일시적으로 중단되었는지 확인할 수 있나요?,해당 문서에서는 2023년 12월 28일 아르카숑 유역에서의 패류 채취 및 판매가 일시적으로 중단되었는지 확인할 수 있습니다. 회수사는 Ducourau입니다.,해당 지역산 굴 회수는 언제 매각되었나?,2023.12.28.
말레이시아 트렝가누주에서 발생한 식중독 사고로 사망한 여성은 어떤 음식을 섭취한 후 증상을 보였나요?,"해당 여성은 Perasing RP에서 구입한 샌드위치를 섭취한 후 복통, 설사, 구토 증상을 겪었습니다.",말레이시아 트렝가누주에서 샌드위치 섭취 후 사망한 여성의 나이는 몇 살인가요?,54세,트렝가누주 샌드위치 섭취 후 식중독으로 사망한 여성은 54세였다.,"예, 해당 문서에 따르면 54세 여성 사망이 확인됨.",해당 샌드위치 영업장에서 식품 위생 규정 준수 여부는 어떻게 되었습니까?,초기 조사에서 해당 영업장의 2009년 식품위생 규정에 따른 몇몇 위반사항이 확인되어 소유자 및 운영자에게 시정 지침이 내려졌음.,이 제품 식품위생 규정 준수 여부,"해당 제품의 식품위생 규정 준수 여부는 현재 조사 결과를 기다리고 있으며, 2주 정도 소요될 것으로 예상됩니다."
아르헨티나에서 판매 금지된 Arauco 올리브유는 왜 판매가 중단되었나요?,Arauco 올리브유는 존재하지 않는 등록번호를 표시했기 때문에 판매가 금지되었습니다.,아르헨티나 식품의약품의학기술청이 Arauco 올리브유 판매를 금지한 사유는 무엇인가요?,존재하지 않는 등록번호 표시,아르헨티나 식품의약품의학기술청에서 제품 등록번호가 없는 제품은 판매가 금지되는지 확인할 수 있나요?,아르헨티나 식품의약품의학기술청에서는 제품 등록번호가 없는 제품은 판매가 금지됩니다.,Arauco 올리브유의 등록번호가 존재하지 않는 것으로 판단되었는가?,해당 문서에서는 Arauco 올리브유의 등록번호 RNPA: 24555178가 존재하지 않는 것으로 나타나고 있습니다.,해당 제품의 등록번호는 언제 등록되었나?,2023.12.22.
벨기에에서 회수되는 Isla Délice 브랜드 식육가공품의 회수 이유는 무엇인가요?,클로스트리디움 보툴리눔 존재 가능성,벨기에 연방식품안전청이 식육가공품을 회수한 이유는 무엇인가요?,클로스트리디움 보툴리눔 존재 가능성,벨기에 연방식품안전청에서 클로스트리디움 보툴리눔 존재 가능성으로 식육가공품을 회수한 이유는 무엇입니까?,클로스트리디움 보툴리눔 존재 가능성으로 회수된 식육가공품은 벨기에 연방식품안전청(AFSCA)이 RASFF 시스템을 통해 문제를 통보받은 후 회수를 실시한 것임을 확인할 수 있습니다.,이 문서에서 언급된 식육가공 제품 중 클로스트리디움 보툴리눔이 포함되어 있는지 확인되었나요?,해당 문서에서는 클로스트리디움 보툴리눔이 포함된 식육가공 제품이 언급되었습니다.,,"### Output:
[
  {""query"": ""이 제품 11종 회수에서 클로스트리디움 보툴리눔 존재 가능성이 언급되었습니다. 이 문서에서 해당 제품에 대한 자세한 정보는 없습니다. 해당 제품에 대한 자세한 정보는 제목에서 언급된 벨기에 연방식품안전청(AFSCA)에서 확인해야 합니다."", ""answer"": ""해당 제품에 대한 자세한 정보는 제목에서 언급된 벨기에 연방식품안전청(AFSCA)에서 확인해야 합니다.""}

벨기에 연방식품안전청(AFSCA)은 RASFF 시스템을 통해 문제를 통보받은 후 회수를 실시함. 이 문서에서 클로스트리디움 보툴리눔 존재 가능성이 언급되었습니다. 이 문서에서 해당 제품에 대한 자세한 정보는 없습니다. 해당 제품에 대한 자세한 정보는 제목에서 언급된 벨기에 연방식품안전청(AFSCA)에서 확인해야 합니다."
영국 Country Kitchen에서 회수하는 Double Chocolate Chip Muffins의 알레르기 유발물질 미표시 성분은 무엇인가요?,달걀,Double Chocolate Chip Muffins는 어떤 알레르기 유발물질을 미표시했나요?,달걀,달걀 알레르기 유발물질이 없는지 확인하려면 어떻게 해야 하나?,"Country Kitchen의 Double Chocolate Chip Muffins 제품은 알레르기 유발물질 달걀 미표시로 회수되었으며, Best before 26 December 2023 and 2 January 2024까지의 제품이 포함됩니다.",해당 제품에 달걀이 포함되어 있는지 확인되었나요?,해당 문서에서는 달걀이 미표시되어 달걀 포함 여부는 확인되지 않았습니다.,,"### Output:
[
{""query"": ""이 제품에 알레르기 유발물질 달걀이 포함되어 있는지?"", ""answer"": ""해당 제품에 알레르기 유발물질 달걀이 포함되어 있습니다.""},
{""query"": ""이 제품의 회수 사유는 무엇인가?"", ""answer"": ""이 제품의 회수 사유는 알레르기 유발물질 달걀 미표시입니다.""},
{""query"": ""이 제품의 회수사는 어디인가?"", ""answer"": ""이 제품의 회수사는 Country Kitchen입니다.""},
{""query"": ""이 제품의 회수 사유는 어디인가?"", ""answer"": ""이 제품의 회수 사유는 알레르기 유발물질 달걀 미표시입니다.""},
{""query"": ""이 제품의 회수사는 어디인가?"", ""answer"": ""이 제품의 회수사는 Country Kitchen입니다.""},
{""query"": ""이 제품의 회수 사유는 어디인가?"", ""answer"": ""이 제품의 회수 사유는 알레르기 유발물질 달걀 미표시입니다.""},
{""query"": ""이 제품의 회수사는 어디인가?"", ""answer"": ""이 제품의 회수사는 Country Kitchen입니다.""},
{""query"": ""이 제품의 회수 사유는 어디인가?"", ""answer"": ""이 제품의 회수 사유는 알레르기 유발물질 달걀 미표시입니다.""},
{""query"": ""이 제품의 회수사는 어디인가?"", ""answer"": ""이 제품의 회수사는 Country Kitchen입니다.""},
{""query"": ""이 제품의 회수 사유는 어디인가?"", ""answer"": ""이 제품의 회수 사유는 알레르기 유발물질 달걀 미표시입니다.""},
{""query"": ""이 제품의 회수사는 어디인가?"", ""answer"": ""이 제품의 회수사는 Country Kitchen입니다.""},
{""query"": ""이 제품의 회수 사유는 어디인가?"", ""answer"": ""이 제품의 회수 사유는 알레르기 유발물질 달걀 미표시입니다.""},
{""query"": ""이 제품의 회수사는 어디인가?"", ""answer"": ""이 제품의 회수사는 Country Kitchen입니다.""},
{""query"": ""이 제품의 회수 사유는 어디인가?"", ""answer"": ""이 제품의 회수 사유는 알"
스위스 Fromagerie Moléson SA에서 회수하는 Le Duo des Gors 치즈의 회수 이유는 무엇인가요?,시가독소 생성 대장균 검출,독일에서 유통되는 Le Duo des Gors 브랜드 치즈류는 어떤 제품인가요?,Le Duo des Gors 180 g 치즈류 (포장: 180g; 제품번호(lot): 200223046242; 품질유지기한: 06.01.2024),Le Duo des Gors 브랜드 치즈류에 시가독소 생성 대장균이 검출된 이유는 무엇입니까?,Fromagerie Moléson SA에서 Le Duo des Gors 브랜드 치즈류에 시가독소 생성 대장균이 검출된 이유는 회수사유에 따라 확인할 수 있습니다.,이 문서에서 Le Duo des Gors 180g 치즈의 품질 유지기한은 어떤 날인가?,Le Duo des Gors 180g 치즈의 품질 유지기한은 2024년 6월 1일입니다.,이 제품의 회수 사유는 무엇인가요?,이 제품의 회수 사유는 시가독소 생성 대장균 검출입니다.
이번에 회수되는 Value brand Lemonade Flavoured Soft Drink 제품의 구체적인 회수 사유는 무엇인가요?,페닐알라닌(phenylalanine) 함유. 페닐알라닌을 함유하는 Value 브랜드 Diet Lemonade Flavoured Soft가 Value brand Lemonade Flavoured Soft Drink으로 오포장되었기 때문입니다.,Value brand Lemonade Flavoured Soft Drink이 페닐알라닌 함유로 인해 회수되는 이유는 무엇인가요?,Value brand Diet Lemonade Flavoured Soft가  Value brand Lemonade Flavoured Soft Drink으로 오포장되어 페닐알라닌을 함유하고 있는 제품이 오포장된 상태로 판매되었기 때문입니다.,뉴질랜드 Foodstuffs Own Brands Ltd의 Value brand Lemonade Flavoured Soft Drink에 페닐알라닌이 함유되는 이유는 무엇입니까?,페닐알라닌을 함유하는 Value 브랜드 Diet Lemonade Flavoured Soft가 Value brand Lemonade Flavoured Soft Drink으로 오포장됨,"이 문서에서 어떤 음료를 회수하는가?
이 문서에서 회수된 음료가 다이어트 음료인가?
이 문서에서 페닐알라닌이 함유된 음료는 어떤 브랜드인가?
이 문서에서 페닐알라닌이 함유된 음료는 어떤 제품인가?
이 문서에서 페닐알라닌이 함유된 음료가 오포장되었는가?
이 문서에서 재수출 내역이 있는 음료는 있나요?","Value brand Lemonade Flavoured Soft Drink (1.5L) (BATCH 2059 Best Before 16/06/24)
해당 문서에서 회수된 음료가 다이어트 음료인 정보는 제공되지 않았습니다.
Value brand
Value brand Diet Lemonade Flavoured Soft Drink
해당 문서에서 페닐알라닌이 함유된 음료가 오포장되었음이 확인되었습니다.
해당 문서에서 재수출 내역이 없음",이 제품의 페닐알라닌 함유 여부는 어디에 적혀 있는가?,이 제품의 페닐알라닌 함유 여부는 오포장에 적혀 있습니다.
"미국 TGD Cuts, LLC에서 회수하는 과일은 어떤 종류이며, 살모넬라 오염 가능성이 있다는 것 외에 구체적인 제품명은 무엇인가요?","회수 대상 제품은 Cantaloupe Chunks, Cantaloupe Spears, Fruit Tray, Fruit Tray w/ Dip, Melon Loupe/Dew Chunks, Melon Tri-Color Chunks, Mixed Fruit, Mixed Fruit Aloha Bowl, Mixed Fruit Burst, Mixed Fruit Chunk, Mixed Fruit Chunks, Mixed Fruit Cube, Mixed Fruit Luau Bowl, Mixed Fruit Medley, Mixed Fruit Melon Medley Chunk, Mixed Fruit Spears, Tropical Fruit Bowl 등입니다. 각 제품별 UPC, Use By/Julian(시작일), Use By/Julian(종료일) 정보는 문서에 상세히 기재되어 있습니다.",이 제품들은 왜 회수되었나요?,살모넬라 오염 가능성 때문입니다.,,,이 문서에서 회수된 과일 중 어떤 제품들이 미국 출생인가?,"문서에서 제시된 제품 중, 미국 출생인 것으로 확인된 것은 없습니다. 제품별 원산지는 다음과 같습니다. 1) 멕시코, 과테말라, 미국, 코스타리카, 이탈리아, 브라질, 페루 중 하나입니다.",,**질**�� 해��까 열 최 질까 열�� 열 질 열 ������ 질 열 열 열 열 ����니 �� �� �� �� �� �� �� �� �� �� �� �� �� �� �� �� �� �� �� �� �� �� �� �� �� �� �� �� �� �� �� �� �� �� �� �� �� �� �� �� �� �� �� �� �� �� �� �� �� �� �� �� �� �� �� �� �� �� �� �� �� �� �� �� �� �� �� �� �� �� �� �� �� �� �� �� �� �� �� �� �� �� �� �� �� �� �� �� �� �� �� �� �� �� �� �� �� �� �� �� �� �� �� �� �� �� �� �� �� �� �� �� �� �� �� �� �� �� �� �� �� �� �� �� �� �� �� �� �� �� �� �� �� �� �� �� �� �
미허가 냉장 창고를 불법적으로 운영한 혐의로 벌금형을 선고받은 싱가포르 업체는 어디인가요?,온라인 식료품점인 FishMeatz LLP입니다.,싱가포르 식품청은 어떤 제품을 압수했나요?,"약 2,965kg의 육류 및 해산물 제품",싱가포르 식품청은 FishMeatz LLP의 냉장 창고를 어떻게 적발했나요?,"싱가포르 식품청은 2023년 2월 1일, FishMeatz LLP의 시설에서 다양한 육류 및 해산물 제품을 보관하는 미허가 냉장 창고를 적발했습니다.","싱가포르 법원에서 혐의로 벌금형을 받은 업체와 대표는 무엇인가?
싱가포르 식품청에서 적발한 미허가 냉장 창고에서 압수한 육류 및 해산물 제품의 양은 몇 킬로인가?","업체: FishMeatz LLP, 대표: Chung Seng Choy
약 2,965kg",,"### Output:
[
{""query"": ""이 제품은 어디에 있습니까?"", ""answer"": ""FishMeatz LLP에서 온라인 식료품점으로 판매하고 있습니다.""},
{""query"": ""이 업체는 어디에 있습니까?"", ""answer"": ""싱가포르에 있습니다.""},
{""query"": ""이 업체의 대표 이름은 무엇입니까?"", ""answer"": ""Chung Seng Choy입니다.""},
{""query"": ""이 업체는 미허가 냉장 창고를 운영하고 있었습니까?"", ""answer"": ""네, 싱가포르 법원에서 불법 운영 혐의로 구속되었습니다.""},
{""query"": ""이 업체는 미허가 냉장 창고를 운영하지 않습니까?"", ""answer"": ""네, 싱가포르 법원에서 불법 운영 혐의로 구속되었으며, 이후 미허가 냉장 창고를 운영하지 않고 있습니다.""},
{""query"": ""이 업체는 미허가 냉장 창고를 운영하면서 어떤 법적 문제가 발생했습니까?"", ""answer"": ""싱가포르 법원에서 불법 운영 혐의로 구속되었습니다.""},
{""query"": ""이 업체는 미허가 냉장 창고를 운영하면서 어떤 법적 문제가 발생하지 않았습니까?"", ""answer"": ""네, 싱가포르 법원에서 불법 운영 혐의로 구속되었으며, 이후 미허가 냉장 창고를 운영하지 않고 있습니다.""},
{""query"": ""이 업체의 벌금형은 얼마입니까?"", ""answer"": ""10,000달러입니다.""},
{""query"": ""이 업체의 대표인 Chung Seng Choy는 어떤 혐의로 구속되었습니까?"", ""answer"": ""네, 싱가포르 법원에서 불법 운영 혐의로 구속되었습니다.""},
{""query"": ""이 업체의 대표인 Chung Seng Choy는 어떤 혐의로 벌��"
아일랜드 식품안전청에서 회수하는 Rude Health Organic Coconut Drink의 회수 이유는 무엇인가요?,알레르기 유발물질 우유 함유 미표시,알레르기 유발물질이 함유된 코코넛음료는 어떤 제품인가요?,Rude Health Organic Coconut Drink,이 제품은 알레르기 유발물질 우유를 함유하고 있는지 확인할 수 있나요?,"아니요, 해당 제품은 알레르기 유발물질 우유 함유 미표시로 회수 공지가 있습니다.",해당 코코넛 음료가 우유 함유를 미표시했는지 확인하려면 어떻게 해야 하나요?,"해당 문서에서 확인해 보니, Rude Health Organic Coconut Drink의 배치코드가 L23068Y이며 best before date는 08/03/2024입니다. 이 제품에는 우유 함유가 미표시되어 있습니다.","해당 제품에 알레르기 유발물질 우유가 함유되어 있는 경우, 해당 제품의 회수 기간은 얼마입니까?","해당 제품에 알레르기 유발물질 우유가 함유되어 있는 경우, 회수 기간은 08/03/2024로 확인됩니다."
캐나다에서 회수되는 New Roots Herbal 아슈와간다 제품의 정확한 회수 사유는 무엇인가요?,이물 혼입 가능성,캐나다 New Roots Herbal에서 회수된 제품은 무엇인가요?,Ashwagandha Extract 500 mg,Ashwagandha Extract 500mg에 이물 혼입 가능성이 있는지 확인할 수 있나요?,New Roots Herbal의 Ashwagandha Extract 500mg 제품에 이물 혼입 가능성이 있다고 회수되었다.,이 제품(Ashwagandha Extract 500 mg)에서 사용된 Withania somnifera extract의 비율은 몇 %인가요?,"해당 문서에서 확인 가능한 정보 중, Withania somnifera extract의 비율은 5%입니다.",이 제품의 이물 혼입 가능성은 어디에 나와 있나요?,해당 제품의 이물 혼입 가능성은 제목에서 언급되어 있습니다.
벨기에에서 회수되는 BERGERONNETTE Pérail du Fédou 치즈에서 발견된 문제는 무엇인가요?,리스테리아 모노사이토제네스 존재,벨기에 연방식품안전청이 치즈를 회수한 이유는 무엇인가요?,리스테리아 모노사이토제네스가 검출되었기 때문입니다.,벨기에 연방식품안전청에서 리스테리아 모노사이토제네스 존재로 제품을 회수한 적이 있는지,"예, 2023. 12. 27.에 BERGERONNETTE Pérail du Fédou 제품을 회수하였다.",이 문서에서 언급된 벨기에 연방식품안전청은 어떤 제품을 회수하였나요?,해당 문서에서 언급된 것으로 보이는 제품은 BERGERONNETTE Pérail du Fédou 로트번호 23.333.002입니다.,이 제품에 리스테리아 존재한 이유는 무엇인가?,리스테리아 모노사이토제네스 존재
중국 충칭시에서 부적합 판정을 받은 루샤오자 식품 유한공사의 오향 닭날개 제품의 부적합 항목은 무엇인가요?,균락총수,충칭 루샤오자 식품 유한공사에서 생산한 오향 닭날개는 어떤 부적합 항목으로 인해 불량으로 판정되었나요?,균락총수,중국 충칭시 시장감독관리국에서 생산한 오향 닭날개가 세균수 기준 초과로 부적합한 경우는 언제부터인지 알고 싶습니다.,2023년 9월 3일에 생산한 오향 닭날개가 세균수 기준 초과로 부적합한 것으로 확인되었습니다.,충칭시 루샤오자 식품 유한공사의 오향맛 복사식품에 대해 얼마나 많은 세균수가 발견되었는지 알려주세요.,"충칭(重庆) 루샤오자 식품 유한공사의 오향맛 복사식품에서 검사결과 기준치 중 5개(140000, 270000, 480000, 230000, 210000CFU/g) 중 2개(104, 105CFU/g)가 발견되었습니다.",,"### Output:
[
{""query"": ""이 제품의 세균수 기준 초과 여부"", ""answer"": ""해당 식품 공고에 따르면, 생산 일자/로트번호 2023년 9월 3일의 오향 닭날개(오향맛) 400g/봉 상표 루샤오자(LuXiaoJia)는 균락총수 기준 초과로 양념으로 부적합(1)입니다.""}

### 질문 생성 규칙 참고:

1. 질문에는 '이번', '해당', '이 제품'과 같은 모호한 지시어 대신, 질문의 대상이 명확히 드러나도록 하세요.
2. 문서에서 답이 명확히 주어지지 않은 경우, 답변은 ""해당 문서에 없음""으로 작성하세요.
3. 질문에는 '이번', '해당', '이 제품'과 같은 모호한 지시어 대신, 질문의 대상이 명확히 드러나도록 하세요."
GDE Grocery Delivery E-Services Canada Inc.에서 회수하는 닭고기 함유 제품의 회수 사유는 무엇인가요?,덜 익혀서 안전하지 않기 때문입니다. 덜 익힌 음식에는 질병을 유발할 수 있는 박테리아 병원균이 포함되었을 수 있습니다.,이 제품이 회수된 이유는 무엇인가요?,덜 익혀서 안전하지 않기 때문입니다.,캐나다 GDE Grocery Delivery E-Services Canada Inc.에서 회수된 제품은 무엇입니까?,"Parmesan Pesto Chicken with Steamed Spinach, Roasted Green Beans  Grape Tomatoes",이 문서에서 회수된 덜 익힌 닭고기 함유 제품은 어떤 브랜드와 제품인가?,"덜 익힌 닭고기 함유 제품은 이 문서에서 명시된 브랜드는 없으며, 제품 정보도 제공되지 않았습니다.",이 제품의 회수 사유는 무엇?,이 제품의 회수 사유는 덜 익혀서 안전하지 않음으로 확인되었습니다.
이탈리아에서 수출된 신선 여름 송로버섯이 대만에서 부적합 판정을 받은 이유는 무엇인가요?,"신선 여름 송로버섯에서 카드뮴이 3 mg/kg 검출되었는데, 이는 '식품 중 오염물질 및 독소위생표준'에 따른 버섯류의 카드뮴 제한량인 2 mg/kg을 초과했기 때문입니다.",이탈리아에서 수출된 신선 여름 송로버섯은 어떤 문제로 인해 반송 또는 폐기처리되었나요?,카드뮴 함량이 2 mg/kg인 법정 제한 표준을 초과하여 3 mg/kg으로 부적합하여 반송 또는 폐기처리되었습니다.,송로버섯에 카드뮴 중금속 함량이 부적합한 것은 왜일까?,"카드뮴 3 mg/kg로 부적합한 것은 '식품 중 오염물질 및 독소위생표준'에 의거, 버섯류의 카드뮴 제한량은 2 mg/kg이므로, 해당 제품은 식품안전위생관리법 제17조 규정에 부적합합니다.",이 문서에서 해당 송로버섯 제품이 어떤 중금속에 오염되었는지 알려주세요.,"이 문서에서 설명되어 있듯, 해당 송로버섯 제품에는 카드뮴이 3 mg/kg 이상 발견되어 부적합이 결정됐습니다.",이 제품의 카드뮴 함량은 얼마인가요?,해당 제품의 카드뮴 함량은 3 mg/kg입니다. 그러나 식품안전위생관리법 제17조 규정에 따라 2 mg/kg이하여야 합니다. 따라서 이 제품은 부적합합니다.
영국 스코틀랜드에서 발생한 병원성 대장균 감염으로 인한 사망자는 몇 명인가요?,1명,영국 스코틀랜드에서 병원성 대장균 오염으로 인한 치즈 회수 사건은 언제부터 발생했나요?,2023년 7월부터 현재까지,영국 스코틀랜드에서 대장균으로 인한 사망이 발생한 경우는 언제부터 시작됐나요?,2023년 7월부터 현재까지,"이 문서에서 병원성 대장균 감염 사례 수는 얼마인가?
이 문서에서 영국 보건안전국(UKHSA)가 어떤 치즈 제품이 대장균에 오염될 수 있다고 경고하였는가?
이 문서에서 치즈 회수가 발생한 회사는 어디인가?
이 문서에서 사망 원인이 식품 섭취 때문인지는 어떻게 알 수 있나?","이 문서에서는 병원성 대장균 감염 30명이 나타나는 것으로 알 수 있습니다.
이 문서에서는 Mrs Kirkham 치즈 일부 제품이 대장균에 오염되었을 수 있다고 영국 보건안전국(UKHSA)이 경고한 것으로 알 수 있습니다.
이 문서에서는 Lancashire Cheese Ltd가 두 번 치즈 회수를 한 것으로 알 수 있습니다.
이 문서에서는 사망 원인이 식품 섭취 때문인지는 아직 명확하지 않습니다.",이 제품 치즈 회수 이후 사망자 수는 얼마였습니까?,영국 스코틀랜드 병원성 대장균 오염 가능성으로 인한 치즈 회수 이후 1명 사망
코스타리카에서 리스테리아증 인체 감염 사례의 주요 원인은 무엇인가요?,대부분의 인체 감염 사례는 유제품과 관련되어 있었다고 보고함.,코스타리카에서 리스테리아증 연구 결과는 어떠한가?,"코스타리카 등의 연구진들은 2009년부터 2019년까지 수집한 리스테리아 분리주를 분석한 결과, 48개의 핵심 유전체 다좌위 서열 유형이 식별되었고, 그중 44개가 이전에 보고되지 않은 유형이었다고 밝혔음.",코스타리카의 리스테리아증 연구결과는 무엇일까?,"코스타리카의 연구진은 2009년부터 2019년까지 16개 임상, 67개 식품, 9개 생산 환경 샘플에서 수거한 92개 리스테리아 분리주의 특성을 분석하여 48개의 핵심 유전체 다좌위 서열 유형을 식별했으며, 그중 44개가 이전에 보고되지 않은 유형이었다고 밝혔다.",코스타리카 내 리스테리아 증례의 유형은 어떤 것인가?,"해당 연구결과에 따르면, 코스타리카 내 리스테리아 증례에서 식별된 44개의 유형 중 48개의 핵심 유전체 다좌위 서열 유형이 식별되었으며, 이 중 44개가 이전에 보고되지 않은 유형이었습니다.",이 연구에서 리스테리아증과 유제품 사이의 관계는 어떤 것입니까?,"연구에서 분석한 리스테리아 유형 중 44개가 이전에 보고되지 않은 유형이었으며, 대부분의 인체 감염 사례는 유제품과 관련돼 있었다."
중국 윈난성 시장감독관리국에서 부적합 판정을 받은 식용유지류의 부적합 항목은 무엇인가요?,에틸 말톨(Ethyl Maltol) 입니다.,윈난성 시장감독관리국이 2023년 50기 식품안전 샘플검사에서 어떤 식용유지류를 부적합으로 판정했나요?,식용 식물 혼합유,에틸 말톨이 식용 식물 혼합유에 포함되어 있는지 확인할 수 있나요?,"윈난성 시장감독관리국에 따르면, 에틸 말톨(Ethyl Maltol)은 식용 식물 혼합유에 포함되어 있어 사용해서는 안 된다.",이 식용 식물 혼합유(식용 유기물 조합 오일)가 2023년 제50기 식품 샘플 검사 결과에서 에틸 말톨(에티솔 말톨)의 최대 수치는 몇 µg/kg인가?,에틸 말톨의 최대 수치는 126µg/kg입니다.,,"### Output:
[
{
""query"": ""이 제품의 에틸 말톨 농도는?"",
""answer"": ""윤남(Yunnan) 시장감독관리국의 식품안전 샘플검사 결과에 따르면, 쓰촨(SiChuan) 촨라오라오 식품 과학기술유한공사(ChuanLaoLao)의 식용 식물 혼합유(食用植物调和油)의 에틸 말톨 농도는 126µg/kg입니다. 그러나 이 농도가 에틸 말톨 상한치를 초과하기 때문에 이 제품은 식용유 부적합입니다.""

}"
베트남 하노이 시장관리국은 어떤 종류의 불법 행위를 적발했나요?,유명 기능성식품 브랜드(Blackmores 등)를 위조하는 행위를 적발했습니다.,불법 기능성식품 제조 시설은 어디에서 적발되었나요?,"베트남 하노이 시장관리국은 영업시설 N.V.T(주소: thôn Phượng Nghĩa, xã Phụng Châu, huyện Chương Mỹ, TP. Hà Nội)에서 불법 기능성식품 제조 시설을 적발했습니다.",베트남 하노이 시장관리국에서 최근에 어떤 기능성식품 제조 시설을 적발했나요?,베트남 하노이 시장관리국은 최근에 N.V.T 시설을 적발했습니다.,베트남 하노이 시장관리국이 적발한 기능성 식품 제조 시설의 주소는 어디인가?,"해당 시설의 주소는 thôn Phượng Nghĩa, xã Phụng Châu, huyện Chương Mỹ, TP. Hà Nội입니다.",해당 시장관리국은 어떤 적발 사례를 발견했나?,베트남 하노이 시장관리국(산업통상부)은 최근 경찰과 협조하여 기능성식품 제조 시설을 적발했습니다.
일본 농림수산성이 칠레로부터 가금육 등의 수입을 일시 중지했던 이유는 무엇인가요?,칠레의 가금사육시설에서 고병원성 조류인플루엔자의 발생이 확인되었기 때문입니다.,일본 농림수산성은 칠레에서 어떤 식품의 수입을 일시 중지했나요?,가금육 등,칠레에서 가금육 등의 일시 수입이 중지된 이유는 무엇입니까?,"칠레의 가금사육시설에서 고병원성 조류인플루엔자의 발생이 확인되었으므로 2023년 3월 이후, 해당 국가로부터 가금육 등에 대한 수입을 일시중지하였다.",칠레의 가금육에서 고병원성 조류인플루엔자가 발생했는지 확인되었는가?,칠레의 가금육에서 고병원성 조류인플루엔자가 발생하였음. 12월 26일에 칠레로부터 가금육 등의 일시 수입중지 조치를 해제하였음.,이 제품에 대한 수입 중지 조치는 어느 때 해제되었나?,일본 농림수산성은 12월 26일에 칠레로부터 가금육 등의 일시 수입중지 조치를 해제하였음.
"2023년 12월 21일 세계동물보건기구에서 보고한 고병원성 조류 인플루엔자 동물 감염 현황 중, 캐나다에서 발생한 H5N1의 최초 발생일은 언제인가요?",2023년 9월 7일,최근 독일에서 발생한 고병원성 조류 인플루엔자 감염 사례는 얼마나 규모가 큰가?,"독일에서는 2023년 11월 24일부터 2023년 12월 21일까지 발생한 고병원성 조류 인플루엔자 감염 사례가 의심 32530건, 감염 7341건, 폐사 6390건으로 보고되었습니다.",캐나다에서 H5N1 조류 인플루엔자가 발생한 것은 언제부터 시작됐나요?,2023.9.7.,,,이번 발생 지역은 어디인가요?,"캐나다, H5N1 (후속보고서13) - 최초발생일: 2023.9.7. - 발생보고일: 2023.12.21 - 발생규모(가금류): 의심3254132건, 감염63916건, 폐사63899건, 살처분3190233건, 도축0건 - 기타: 진행형이며, 추후 보고가 제출될 예정 - 원문: <https://wahis.woah.org/#/in-review/5229"
칠레에서 발생한 조류인플루엔자 A(H5) 인체 감염 사례는 이번이 처음인가요?,칠레에서 조류인플루엔자 A(H5) 바이러스가 인간에게 감염된 것은 이번이 처음입니다.,칠레에서 조류인플루엔자 A(H5) 바이러스가 인간에게 감염된 것은 이번이 처음인가요?,"네, 이번이 처음입니다.",칠레에서 조류인플루엔자 A(H5) 바이러스가 인간에게 감염된 것은 언제부터인가?,"2023년 3월 29일 칠레 보건부는 조류인플루엔자 A(H5) 바이러스 감염 확진자 1명(53세 남성, 안토파가스타)에 대해 세계보건기구(WHO)에 보고하였다.",칠레에서 인간이 조류인플루엔자 A(H5)에 감염되었는지 여부는 어떻게 알려져 있나요?,"칠레에서 인간이 조류인플루엔자 A(H5)에 감염된 것은 2023년 3월 29일 칠레 보건부가 세계보건기구(WHO)에 보고하였으며, 현재까지 미주지역에서 감염사례는 세 번 보고되었습니다.",이 제품에 대한 정보가 어디에 있는가?,해당 문서에 없음
스위스 연방평의회가 지지를 표명한 화학물질 및 폐기물 협약 강화와 관련된 3가지 협약은 무엇인가요?,"△잔류성유기오염물질 관련 '스톡홀름 협약', △유해 화학물질의 국제 거래 관련 정보 의무 관련 '로테르담 협약' 및 △유해 폐기물 수출 관련 '바젤 협약'입니다.",갤럭시 S23 스마트폰의 혁신적인 기능은 무엇인가요?,AI 딥러닝 기능,스위스 연방평의회가 화학물질 및 폐기물 협약 강화에 대한 지지를 표명한 이유는 무엇입니까?,스위스 연방평의회는 2023년 4월 5일 화학물질 및 폐기물 협약 강화에 대한 지지를 표명함,"두 농약 활성물질 중 하나는 스위스에서 더 이상 농약에 사용할 수 없는가?
두 농약 활성물질 중 하나는 로테르담 협약(부속서)에 포함되어 있는가?","예, 두 농약 활성물질 중 하나는 이프로디온(Iprodion)은 스위스에서 더 이상 농약에 사용할 수 없습니다.
예, 두 농약 활성물질 중 하나는 터부포스(Terbufos)는 로테르담 협약(부속서)에 포함되어 있습니다.",이 제품에 포함되는 농약 활성물질은 무엇인가?,스위스에서 더 이상 농약에 사용할 수 없는 두 가지 활성물질 이프로디온(Iprodion)과 터부포스(Terbufos)가 포함됩니다.
"벨기에 연방보건부는 아스파탐 사용에 관한 승인 또는 조건을 검토할 필요가 없다고 밝혔는데, 그 이유는 무엇인가요?","유럽식품안전청(EFSA)이 아스파탐의 1일섭취허용량(ADI)을 재검토하지 않기 때문에, 아스파탐에 관한 규정을 개정할 이유가 없다고 밝혔습니다.",벨기에 연방보건부는 아스파탐의 안전성에 대해 어떤 결론을 내렸나요?,벨기에 연방보건부는 국제암연구소(IARC)와 국제식량농업기구/세계보건기구 합동 식품첨가물전문가위원회(JECFA)의 평가 결과를 바탕으로 아스파탐 사용에 관한 승인 또는 조건을 검토할 이유가 없다고 밝혔습니다.,벨기에 연방보건부가 아스파탐의 1일허용섭취량을 유지하고 있는 이유는 무엇입니까?,"벨기에 연방보건부는 IARC와 JECFA의 평가 결과를 고려하여 아스파탐의 1일허용섭취량(ADI)을 40mg/kg bw/day로 유지하고 있으며, 실제 섭취량이 ADI를 초과하지 않으므로 섭취는 안전한 것으로 간주된다.",아스파탐의 1일 섭취 허용량이 변경되었는가?,해당 문서에서는 아스파탐의 1일 섭취 허용량이 변경되지 않음이 밝혀졌습니다.,,"**질문**: 아스파탐 사용에 대한 규제는 유럽집행위원회와 유럽식품안전청이 담당하며, 아스파탐 1일섭취허용량(ADI)은 현재 40mg/kg bw/day로 결정되었습니다. 이번에 아스파탐은 간암의 일종인 간세포성 암종(Hepatocellular carcinoma)과 제한된 연관성을 갖고 2B군으로 분류되었습니다. 해당 한도 내 아스파탐의 섭취는 여전히 안전한 것으로 간주됩니다. 이번 결론은 EFSA의 아스파탐에 대한 재평가와 일치합니다. 아스파탐 사용에 대한 규제는 유럽집행위원회와 유럽식품안전청이 담당하며, 아스파탐 1일섭취허용량(ADI)은 현재 40mg/kg bw/day로 결정되었습니다. 해당 한도 내 아스파탐의 섭취는 여전히 안전한 것으로 간주됩니다."
"미국 연구 결과에 따르면, 카드뮴에 가장 많이 노출된 인구 집단은 누구인가요?",6~24개월과 24~60개월의 어린이들이 카드뮴에 가장 많이 노출된 인구집단으로 밝혀졌으며 이는 규제 기관이 설정한 지침들과 비교했을 때 우려해야 할 수준이라고 합니다.,미국 인구 중 어린이들은 카드뮴에 얼마나 노출되어 있는가?,6~24개월과 24~60개월의 어린이들은 카드뮴에 가장 많이 노출된 인구집단으로 밝혀졌습니다.,미국에서 2-5세 어린이는 카드뮴에 가장 많이 노출되는 이유는 무엇입니까?,"미국 연구진의 연구에 따르면, 6~24개월과 24~60개월의 어린이들은 카드뮴에 가장 많이 노출된 인구집단으로 밝혀졌으며, 이는 규제 기관이 설정한 지침들과 비교했을 때 우려해야 할 수준입니다.","어떤 연령대의 미국 인구가 식품 카드뮴에 가장 많이 노출되었는지 알려주세요.
쌀과 시금치 중 카드뮴 노출이 더 높은 식품은 무엇인가요?
식품 카드뮴 노출이 각 연령대의 ATSDR의 만성 경구 MRL 값을 초과하는 식품들은 어떤 식품인가요?","24~60개월의 미국인이 카드뮴 노출에 가장 높게 측정되었습니다.
시금치의 평균 카드뮴 수준은 훨씬 높았습니다.
식이 카드뮴 노출이 6~24개월과 24~60개월 연령대에 적용되는 독성물질질병관리청(ATSDR)의 만성 경구 최소 위해 수준(MRL, Minimal Risk Level) 값을 초과하는 식품으로 쌀, 시금치, 귀리, 보리, 감자, 밀이 있습니다.",,"질문: 이 연구에서 어떤 식품이 가장 많이 카드뮴에 노출되어 있는가?

답변: 이 연구에서 가장 많이 카드뮴에 노출된 식품은 시금치입니다."
일본 유한회사 밸런스에서 회수하는 마들렌 제품에서 어떤 문제점이 발견되었나요?,곰팡이 발생,이번 마들렌 회수는 곰팡이 발생으로 인해 이루어졌나요?,"네, 곰팡이 발생으로 인해 식품위생법 위반 우려가 있어 회수되었다고 합니다.",마들렌 제품에 곰팡이가 발생한 이유는 무엇입니까?,"곰팡이 발생으로 마들렌 회수가 이루어졌으며, 식품위생법 위반 우려가 있는 것으로 확인됩니다.",어떤 제품이 식품위생법 위반 우려로 일본에서 회수되었는가?,"해당 문서에서 설명하고 있는 것으로 보아, 일본에서 식품위생법 위반 우려로 회수된 제품은 마들렌 6개입(マドレーヌ６個入) 및 마들렌 10개입(マドレーヌ10個入)입니다.",이 제품의 제조 및 가공 업체는 물론 곰팡이 발생 사유와 회수 사유는 어디에 나와있는가?,해당 문서에 없음
"중국 해관총서에서 발표한 공고에 따르면, 터키에서 발생한 가성우역으로 인해 중국으로의 수입이 금지되는 동물은 무엇인가요?","터키로부터 면양, 산양 및 그 관련 제품(면양 및 산양 출처의 미가공 또는 가공했다 하더라도 여전히 전염병 전파 가능성이 있는 제품)을 직접 또는 간접적으로 수입하는 것이 금지됩니다.",터키에서 발생한 가성우역으로 인해 중국은 어떤 조치를 취하고 있나요?,"터키로부터 면양, 산양 및 그 관련 제품의 수입을 금지하고, 터키 출처의 면양, 산양 및 그 관련 제품의 입국 우송 또는 휴대를 금지하며, 터키에서 입국한 선박, 항공기 등 운송수단에서 하역한 동식물성 폐기물, 오수 등은 모두 해관의 감독 하에 무해화처리를 하고, 임의로 버려서는 안 됨.",터키에서 발생한 가성우역이 중국에 어떻게 영향을 미칠 것인가?,"중국 목축업 안전을 보호하고 전염병 유입을 방지하기 위해, '중화인민공화국 해관법', '중화인민공화국 수출입 동식물 검역법' 및 그 실시조례 등 관련 법률 법규 규정에 의거하여 터키 출처의 면양, 산양 및 그 관련 제품의 입국을 금지하고, 발견될 경우 모두 반송 또는 폐기 처리함.",이 공고에서 중국이 금지하는 터키 출처의 제품은 무엇입니까?,"이 공고에서는 터키 출처의 면양, 산양 및 그 관련 제품을 중국에 직접 또는 간접적으로 수입하는 것을 금지함.",이 제품이 터키에서 직접 수입되는가?,해당 문서에 없음
대만 신베이시에서 돼지고기를 양고기로 속여 판 업체들은 어디인가요?,다타이페이 과채시장의 '중닝 해산물가게'와 육류 공급업체 '난타이궈지 기업사'입니다.,,,신베이시 위생국이 최근 어떤 업체에 작업 중단 및 판매 금지 명령을 내렸나요?,다타이페이 과채시장 '중닝 해산물가게'와 육류 공급업체 '난타이궈지 기업사'에 작업 중단 및 판매 금지 명령을 내렸습니다.,신베이시 대 Taiwan 과채시장의 '중닝 해산물가게'와 '난타이궈지 기업사'가 가짜 양고기를 판매하였는가?,해당 문서에서는 신베이시 대 Taiwan 과채시장의 '중닝 해산물가게'와 '난타이궈지 기업사'가 가짜 양고기를 판매한 것으로 의심되었음이 확인되었습니다.,이 제품 양고기 돼지고기 혼합되었나?,해당 문서에 없음
이번에 회수되는 Springbank Cheese Co.와 Le Grand Fromage 치즈 제품의 회수 이유는 무엇인가요?,리스테리아 모노사이토제네스(Listeria monocytogenes) 오염 가능성 때문입니다.,어떤 제품이 리스테리아 오염 가능성으로 회수되었나요?,Le Grand Fromage 브랜드의 Gorgonzola Truffle Italian Cheese와 Springbank Cheese Co. 브랜드의 Gorgonzola Truffle Cheese,캐나다의 Springbank Cheese Co.와 Le Grand Fromage에서 리스테리아 모노사이토제네스 오염 가능성으로 치즈가 회수된 이유는 무엇입니까?,리스테리아 모노사이토제네스 오염 가능성으로 인해 캐나다의 Springbank Cheese Co.와 Le Grand Fromage에서 치즈가 회수되었습니다.,어떤 브랜드의 ����нг조라 트루폴 치즈가 리스테리아 모노사이토제네스 오염 가능성이 있는지 확인되었는가?,해당 문서에서 Le Grand Fromage 브랜드의 골란조라 트루폴 치즈와 Springbank Cheese Co. 브랜드의 골란조라 트루폴 치즈가 리스테리아 모노사이토제네스 오염 가능성이 있는 것으로 확인되었습니다.,이 제품의 회수 사유는 무엇?,리스테리아 모노사이토제네스 오염 가능성으로 치즈 회수.
스페인 식품안전영양청이 아일랜드산 자숙 냉동게에 대한 경고를 철회한 이유는 무엇인가요?,"갈리시아 자치주의 새로운 분석 결과, 해당 제품이 적합 판정을 받아 소비자 건강 위해와 무관하다고 판단되었기 때문입니다.",스페인 식품안전영양청이 아일랜드산 자숙 냉동게에 대해 경고를 철회한 이유는 무엇인가요?,갈리시아 자치주의 새로운 분석 결과 제품은 적합 판정을 받아 소비자 건강 위해와 무관함,아일랜드산 자숙 냉동게에 살모넬라가 있는지 확인할 수 있는지?,"아니요, 스페인 식품안전영양청은 새로운 분석 결과에 따라 제품이 적합 판정을 받았다고 발표했습니다.",해당 문서에서 살모넬라 존재로 경고된 아일랜드산 자숙 냉동게가 철회되었는가?,"예, 해당 문서에서 살모넬라 존재로 경고된 아일랜드산 자숙 냉동게가 철회되었습니다.",해당 제품에 살모넬라 존재 여부,"스페인 식품안전영양청(AESAN)은 지난 11월 24일 공지한 아일랜드산 자숙 냉동게에 대한 경고건을 철회함. 동 제품은 살모넬라 존재로 인해 경고된 건이었으나, 갈리시아 자치주의 새로운 분석 결과 제품은 적합 판정을 받아 소비자 건강 위해와 무관함."
영국 환경식품농촌부에서 안내하는 국경 목표운영모델은 어떤 품목의 위생 및 식물위생 관리에 대한 새로운 접근 방식을 제시하나요?,"살아있는 동물, 동물성 제품, 식물 및 식물성 제품의 위생 및 식물위생 관리에 대한 새로운 접근방식을 제시합니다.",영국 환경식품농촌부가 제공하는 국경 목표운영모델 관련 자료는 무엇인가요?,"살아있는 동물, 동물성 제품, 식물 및 식물성 제품 위생 및 식물위생 관리에 대한 새로운 접근방식을 제시하는 국경 목표운영모델 관련 자료는 국경 통제소 - 식물 및 식물 제품, 복합식품 의사 결정 트리, 위생증명서, IPAFFS를 사용한 수입 통지, 식물위생 인증서 등이 있습니다.",英国 환경식품농촌부의 국경 목표운영모델은 무엇입니까?,"Defra의 국경 목표운영모델은 그레이트브리튼으로 수입되는 살아있는 동물, 동물성 제품, 식물 및 식물성 제품 위생 및 식물위생 관리에 대한 새로운 접근방식을 제시합니다.",이 문서에서 영국 환경식품농촌부 Defra가 제시한 새로운 접근 방식이 어떤 것인가?,"영국 환경식품농촌부 Defra는 그레이트브리튼으로 수입되는 살아있는 동물, 동물성 제품, 식물 및 식물성 제품 위생 및 식물위생 관리에 대한 새로운 접근 방식을 제시함.",이 제품에 대한 국경 목표운영모델 정보는 어디에 있나요?,"영국 환경식품농촌부 Defra는 그레이트브리튼으로 수입되는 살아있는 동물, 동물성 제품, 식물 및 식물성 제품 위생 및 식물위생 관리에 대한 새로운 접근방식을 제시하는 국경 목표운영모델 자료를 아래와 같이 안내하고 있습니다. <https://assets.publishing.service.gov.uk/media/65859a77fc07f300128d4702/Defra_Border-Control-Posts-Plants-and-Plant-Products-Leaflet.pdf> 복합식품 의사 결정 트리: <https://assets.publishing.service.gov.uk/media/65859a84ed3c34000d3bfdf0/Defra_Composite-Products-Decision-Trees-Leaflet.pdf> 위생증명서: <https://assets.publishing.service.gov.uk/media/6585b33723b70a000d234ea5/Defra-Health-Certificates-Leaflet.pdf> IPAFFS를 사용한 수입 통지: <https://assets.publishing.service.gov.uk/media/65859ab723b70a0013234e7c/Defra_Import-Notifications-using-IPAFFS-Leaflet.pdf> 식물위생 인증서: <https://assets.publishing.service.gov.uk/media/65859ac823b70a000d234e7f/Defra_Phytosanitary-Certificates-Leaflet.pdf>"
나이지리아산 히비스커스 꽃에서 검출된 미승인 물질은 무엇인가요?,미승인 물질 클로르피리포스에틸이 검출되었습니다.,나이지리아산 히비스커스 꽃에 어떤 미승인 물질이 검출되었나요?,클로르피리포스에틸,EU RASFF에서 나이지리아산 히비스커스 꽃에 대한 주의 정보가 있는지 궁금합니다.,"예, 2023.1983번 통보에 따르면, 나이지리아산 히비스커스 꽃에 클로르피리포스에틸이 검출되었으며, 이에 대한 주의 정보가 있습니다.",이 문서에서 나이지리아산 히비스커스 꽃에 무단으로 추가된 미승인 물질이 무엇인가?,"클로르피리포스에틸(Chlorpyrifos ethyl)이 추가되었습니다. 추가된 양은 0,074 mg/kg(± 0,037 mg/kg)입니다.",,"### Output:
[
  {""query"": ""이 제품에 미치는 영향은 무엇인가요?"", ""answer"": ""해당 식품사료에 미치는 영향은 물질 클로르피리포스에틸(Chlorpyrifos ethyl)의 함량이 0,074 mg/kg ( ± 0,037 mg/kg) mg/kg - ppm으로 나타나고 있습니다. 이 물질은 암호물질로 간주되며, 발암성이 있습니다. 따라서 이 제품을 사용하거나 소비하는 것은 권장되지 않습니다.""}

번역결과  
제목: EU RASFF, 식품사료신속경보 (10)
내용: -통보번호 : 2023.1983-통보내용 : 나이지리아산 히비스커스 꽃(hibiscus flower), 미승인 물질 클로르피리포스에틸(Chlorpyrifos ethyl 0,074 mg/kg ( ± 0,037 mg/kg) mg/kg - ppm)-통보일자 : 23/03/2023-통보유형 : 주의 정보-관련국가((n)통보국 (o)원산국 (d)유통국 (ffup)후속조치 알림, (ffa)주의 알림)) : Italy (n)(op) Nigeria (o) Serbia (op)-통보근거 및 조치 : 원문 참조
출력:
[
{""query"": ""이 제품에 미치는 영향은 무엇인가요?"", ""answer"": ""해당 식품사료에 미치는 영향은 물질 클로르피리포스에틸(Chlorpyrifos ethyl)의 함량이 0,074 mg/kg ( ± 0,037 mg/kg) mg/kg - ppm으로 나타나고 있습니다. 이 물질은 암호물질로 간주되며, 발암성이 있습니다. 따라서 이 제품을 사용하거나 소비하는 것은 권장되지 않습니다.""}
]"
일본에서 회수된 팔도 꼬꼬면의 회수 원인이 된 식품표시법 위반 사항은 무엇인가요?,일본어 표시 누락과 알레르기 유발물질 표시 누락입니다.,팔도 꼬꼬면 115g 봉지가 일본어 표시 라벨 없이 판매되어 회수되는 이유는 무엇인가요?,"식품표시법 위반으로, 일본어 표시 라벨을 부착하지 않고 한국어 표기로만 판매하였기 때문입니다.",일본 (주)NICE TRADING의 제품에 일본어 표시가 누락된 이유는 무엇입니까?,식품표시법 위반으로 일본어 표시를 누락하여 판매한 것임,이 제품(팔도 꼬꼬면)이 어떤 알레르기 유발물질이 포함되어 있는지 알려주세요.,"팔도 꼬꼬면(ココ麺)은 밀, 달걀, 우유(乳), 대두, 쇠고기, 돼지고기가 포함된 것으로 나타나고 있습니다.",이 제품의 식품표시법 위반 사유는 무엇인가요?,"식품표시법 위반 - 일본어 표시 누락 >일본어 표시 라벨을 부착하지 않고 한국어 표기로만 판매하였음 >알레르기 유발물질 표시 누락: 밀, 달걀, 우유(乳), 대두, 쇠고기, 돼지고기"
대만 식약서는 일본산 수입식품에 대한 방사능 검사 데이터를 얼마나 자주 업데이트하나요?,식약서는 '일본산 수입식품 방사능 검사 전문 카테고리'에 각 유형별 식품 모니터링 최신 데이터를 매 근무일에 업데이트합니다.,대만 식약서가 일본산 수입식품에 대해 어떤 검사를 실시하고 있나요?,"대만 식약서는 일본산 수입식품의 요오드-131, 세슘-134, 세슘-137 인공 방사성 핵종 검사를 감마에너지분광법으로 실시하고 있습니다.",일본산 수입식품에 방사능이 검출된 경우는 언제부터 시작됐나요?,"2022년 2월 21일부터 일본 현지 유통제한 품목 및 후쿠시마·이바라키·도치키·군마·지바 등 5개현에서 생산·제조된 야생조수육, 버섯류, 오가피의 수입 검사를 중단함.",대만 식품 시장에서 검사된 일본산 수입 식품 중 방사능 수준이 가장 높은 식품은 무엇인가?,"대만 식품 시장에서 검사된 일본산 수입 식품 중 방사능 수준이 가장 높은 식품은 건조 고구마(地瓜乾)이며, 세슘-134의 방사능 수준이 40.8 Bq/kg였습니다.",,"질문: 이번 식약서에서 검사한 일본산 수입식품의 방사능 검사 결과는 어떤 내용입니까?

답변: 이번 식약서에서 검사한 일본산 수입식품의 방사능 검사 결과는 2022년 2월 21일부터 중단된 10대 식품(신선·냉장 채소 및 과일, 냉동 채소 및 과일, 활신선·냉장 수산물, 냉동 수산물, 유제품, 영유아식품, 광천수 또는 음용수, 해초류, 차(茶)류)에 대한 검사 비율에 따라 감마에너지분광법으로 요오드-131, 세슘-134, 세슘-137 인공 방사성 핵종을 검사하였습니다. 검사 결과는 대만 및 일본 기준에 부합하는 샘플을 발표하였으며, 미량의 방사능이 검출되었지만 대만 및 일본 기준을 초과하지는 않았습니다. 식약서는 이번 검사 결과를 바탕으로 식품 모니터링을 업데이트하고 있습니다."
"세계동물보건기구의 2023년 3월 22일 보고에 따르면, 네팔에서 발생한 H5N2형 고병원성 조류 인플루엔자의 최초 발생일은 언제인가요?",2023년 1월 24일입니다.,최근 3월 22일까지 세계동물보건기구에서 보고된 고병원성 조류 인플루엔자 발생 국가는 어디인가요?,"네팔, 스웨덴, 이탈리아",세계동물보건기구에서 최근에 발생한 조류 인플루엔자 outbreak은 무엇입니까?,"네팔, 스웨덴, 이탈리아 등에서 H5N2, H5N1 조류 인플루엔자가 발생하여 60356건의 의심, 20517건의 감염, 20517건의 폐사 등이 보고된 상태입니다.",,,해당 문서에 없음,해당 문서에 없음
미국 식품의약품청에서 경고한 성기능강화제 표방 제품 'PrimeZen Black 6000'에 어떤 성분이 함유되어 있기에 문제가 되는 건가요?,실데나필(sildenafil) 및 타다라필(tadalafil)이 함유되어 있습니다.,PrimeZen Black 6000 성기능강화제는 어떤 성분이 검출되었나요?,실데나필(sildenafil) 및 타다라필(tadalafil),PrimeZen Black 6000 제품에 실데나필과 타다라필이 함유되어 있는가?,"예, PrimeZen Black 6000 제품은 실데나필(sildenafil) 및 타다라필(tadalafil) 함유되어 있습니다.",PrimeZen Black 6000에 실데나필(sildenafil) 및 타다라필(tadalafil)이 함유되어 있는가?,해당 문서에서는 PrimeZen Black 6000이 실데나필(sildenafil) 및 타다라필(tadalafil) 함유되어 있음을 확인할 수 있습니다.,,"### Output:
[
{""query"": ""이 제품에 실데나필과 타다라필이 함유되어 있는 경우, 이 제품을 구매하거나 섭취하면 어떤 위험이 있나?"", ""answer"": ""해당 제품에 실데나필과 타다라필이 함유되어 있으므로, 이 제품을 구매하거나 섭취하면 심장 질환, 고혈압, 약물 상호작용 등의 위험이 있을 수 있습니다. 또한, 이 제품을 사용하면 충돌 가능성이 있는 성기능 강화제 다른 제품과의 상호작용을 일으킬 수 있습니다.""}

### 질문과 답변의 내용

* 질문: 이 제품에 실데나필과 타다라필이 함유되어 있는 경우, 이 제품을 구매하거나 섭취하면 어떤 위험이 있나?
* 답변: 이 제품에 실데나필과 타다라필이 함유되어 있으므로, 심장 질환, 고혈압, 약물 상호작용 등의 위험이 있을 수 있습니다. 또한, 이 제품을 사용하면 충돌 가능성이 있는 성기능 강화제 다른 제품과의 상호작용을 일으킬 수 있습니다."
독일 CVUA에서 서양 송로버섯을 함유한 동물성 제품의 품질을 검사한 이유는 무엇인가요?,서양 송로버섯 품종에 따른 가격 차이로 인해 식품 사기 가능성이 높기 때문입니다.,,,서양 송로버섯 표시 품질검사 결과에 대한 정확한 정보는 어디에 있는가?,"CVUA는 2019년부터 2021년까지 총 94개의 동물성 제품을 검사하여, 7개 제품이 서양 송로버섯 품종의 부정확한 표시로 부적합 평가를 받았다.",2021년 인터넷에서 판매 중인 서양 송로버섯 제품 중 부정확한 표시로 부적합 평가를 받은 제품의 비율은 어느 정도인가?,12개(46.20%) 제품이 서양 송로버섯 품종의 부정확한 표시로 부적합 평가를 받았습니다.,이 제품 중에서 서양 송로버섯 표시가 부정확한 경우 수거 및 검사된 제품 중에서 가장 많은 비율을 차지하는 제품은?,2021년에 인터넷에서 판매 중이던 26개 제품 중에서 서양 송로버섯 표시가 부정확한 경우 수거 및 검사된 제품 중에서 가장 많은 비율을 차지하는 제품은 12개(46.20%)입니다.
미국 식품안전검사국에서 공중보건경보를 발령한 Wegmans Chicken Korma with Basmati Turmeric Rice 제품의 구체적인 오포장 경고 사유는 무엇인가요?,"해당 제품이 'Chicken Korma with Basmati Turmeric Rice'로 표시되었지만, 실제로는 'Vegetable Tikka Masala with Turmeric Rice'을 함유할 가능성이 있기 때문입니다.",,,이 제품은 오포장으로 인한 오표시가 있는지 확인할 수 있나요?,"해당 문서에 따르면, 'Chicken Korma with Basmati Turmeric Rice'로 표시되지만, 'Vegetable Tikka Masala with Turmeric Rice'을 함유할 가능성이 있습니다.",이 냉동 닭고기 제품 'Wegmans Chicken Korma with Basmati Turmeric Rice'에 'Vegetable Tikka Masala with Turmeric Rice'가 포함되어 있는지 확인되었나요?,"해당 문서에 따르면, 'Vegetable Tikka Masala with Turmeric Rice'가 'Wegmans Chicken Korma with Basmati Turmeric Rice'에 포함되어 있을 가능성이 있습니다.",이 제품의 제조사는 누구인가?,CAFE SPICE LLC
