질문,답변,문서1,점수1,문서2,점수2,문서3,점수3,문서4,점수4,문서5,점수5,문서6,점수6,문서7,점수7,문서8,점수8,문서9,점수9,문서10,점수10
Waitrose 8 Red Onion Bhajis with a Date and Tamarind Dip 제품이 왜 회수되었나?,Waitrose 8 Red Onion Bhajis with a Date and Tamarind Dip 제품은 소비기한이 잘못 표시되어 회수되었습니다.,"[1] [회수]영국 Waitrose and Partners, 소비기한 오표시로 즉석섭취식품 회수 - 일자 : 2023.12.28- 지역: 잉글랜드, 스코틀랜드, 웨일스- 제품명 : Waitrose 8 Red Onion Bhajis with a Date and Tamarind Dip; Pack size: 230g; Use by: 31 January 2024- 회수사 : Waitrose and Partners- 회수사유 : 소비기한 오표시 - 제품사진 : https://s3-eu-west-1.amazonaws.com/fsa-alerts-fil...",,"[2] [회수]미국 Canning Creations, LLC, 검사 미실시 등으로 수프 등 모든 제품 회수 -일자 : 2023.09.15. -유통지역 : 미국 Ohio -회수사 : Canning Creations, LLC-제품정보 : 모든 제품(Ham and Bean Soup, Hot Pepper Mustard, Chicken Tortilla Soup, Hot Pepper Mustard with Habanero, Beef Vegetable Soup, Cheesecake Dip, Broccoli Cheddar Soup, Buckeye Dip...",,"[3] [E/R]미국 Tama Corporation, 알레르기 유발물질 밀, 대두 및 색소첨가물(Yellow #5) 미표시로 팬케이크 회수 -지역: 미국(*상세 지역은 언급되지 않음)-제품명: PAISA Sweet Corn Pancakes, Cachapas de Maiz, NET WT. 24 Oz., 5 units, (Lot Numbers: 31082301, 07092301, 06092301, 05092301, 04092301, 29082301, 30082301, 28082301, 31072301, 01082301, 02082301, 03...",,"[4] [회수]미국 Frito-Lay, 미표시된 알레르기 유발물질 우유 함유 가능성으로 아보카도 살사 딥 회수 -일자: 2023.06.16.(FDA 발표일: 2023.06.16.)-유통지역: 미국 전역의 소매점 및 전자상거래로 유통됨 (소비자 2023년 4월 5일부터 구매)-회수사: Frito-Lay-브랜드명: Tostitos-제품정보: Tostitos Avocado Salsa Dip >제품: Tostitos Avocado Salsa Dip packaged in a glass jar >용량: 15 oz. 425.2 grams >UPC: 0...",,"[5] [회수]호주 Efoodz Pty Ltd, 성분 표시 누락 및 알레르기 유발물질 참깨 등 미표시로 닭고기 제품 회수 -일자 : 2023.4.7. -지역 : 호주 VIC (온라인 판매)-제품명 : Red Thai Satay Chicken 340g (use by dates : ~15/04/23)-원산지 : 호주-회수사 : Efoodz Pty Ltd -회수사유 : 라벨에 성분(병아리콩, chickpea) 누락되었으며, 알레르기 유발물질 '참깨 및 새우' 미표시됨-제품사진 : -...",,,,,,,,,,,
"Hassui Kamaboko Co.,Ltd.에서 회수한 제품의 회수 사유는?","Hassui Kamaboko Co., Ltd.에서 회수한 제품의 회수 사유는 일부 상품의 팽창 및 가스 고임으로 인한 부패 부분 확인 때문입니다.","[1] [회수]일본 Hassui Kamaboko Co.,Ltd., 일부 상품 팽창 및 가스 고임으로 인한 부패로 어육연제품 회수 -일시: 2023년 12월 26일-제품명: 구자쿠 아카(孔雀 赤) 1개/진공포장 > 상세: 계란을 어육으로 감싸 튀긴 연제품-JAN코드: 4976730003474-상미기한: 2024년 1월 20일-회수사유: 식품위생법 위반 우려 - 일부 상품에서 팽창하여 가스가 고여 부패 부분이 확인되었음 -판매지역: 오이타현 내-판매처: 오이타현 내 슈퍼-판매일: 2023년 12월 24일부터 12월 26일-판매수량: 1,388...",,"[2] [회수]일본 Ichimasa Kamaboko Co., Ltd., 대장균군 검출로 어육가공품 회수 -일시: 2023년 8월 15일-제품명; 내용량: 갯장어 함유 치쿠와(鱧入りちくわ); 3개-JAN코드: 4970050 611449-상미기한: 2023년 8월 17일-회수사유: 식품위생법 위반 - 대장균군 검출-판매지역: 아이치현 이서(호쿠리쿠 포함)-판매처: 점포에서 소비자 대상으로 소매-판매수량: 10,108팩-회수사: Ichimasa Kamaboko Co., Ltd. 간사이공장(一正蒲鉾株式会社関西工場)-제조소 및 가공소: Ichima...",,"[3] [회수]일본 Meiji Holdings, 동물용의약품 설파모노메톡신 검출로 병우유 회수 -일자 : 2023. 11. 11. -유통지역 : 일본-회수사 : Meiji Holdings-제품명 : Meiji Milk(180ml, 병포장 음료, 44,577병, 소비기한(expiration date): 11월 13일)-제조소: 오사카 카이즈카(Kaizuka)시 공장-회수사유 : 동물용의약품 설파모노메톡신(sulfamonomethoxine) 검출-기타 : 본 회수는 보건부의 정기 점검 결과에 따라 오사카현이 명령한 것으로, 해당 제품 섭취로 ...",,"[4] [회수]일본 Sun Lavieen Co., Ltd., 곰팡이 발생으로 파운드케이크 회수 -일시: 2023년 8월 22일-제품명: 진한 우유 파운드케이크(濃厚みるくのパウンドケーキ)-JAN코드: 4973341410189-상미기한: 2023년 9월 5일-회수사유: 식품위생법 위반 우려 - 점포에서 판매하는 복수의 제품에 곰파이의 발생이 확인되었음-판매지역: 규수 전역-판매처: KYUSHU CGC 그룹의 각 판매점(총 115개 점포)에서 소비자 대상으로 판매-판매일: 2023년 8월 1일~8월 22일-판매수량: 4,704팩-회수사: Sun...",,"[5] [회수]일본 Kobe Bussan Co. Ltd., 사용할 수 없는 식품첨가물 소브산 사용으로 중국산 구미 자진회수 -일시: 2023년 10월 20일-제품명: STRAWBERRY GUMMY(いちごグミ) 55g-JAN코드: 4942355226239-상미기한: 2024.5.10-원산국명(*): 중국-회수사유: 식품위생법 위반 - 일부 제품에서 사용할 수 없는 식품첨가물(소브산(Sorbic Acid))이 검출되었음-판매지역: 히가시니혼 일부 지역-판매처: 교무슈퍼 각 점포-판매일: 2023년 7월 18일부터 2023년 10월 11일까지-...",,,,,,,,,,,
프랑스 Ducourau사의 굴이 회수된 이유는?,프랑스 Ducourau사의 굴이 회수된 이유는 노로바이러스 오염 때문입니다.,"[1] [회수]프랑스 Ducourau,  노로바이러스 오염으로 인한 아르카숑 유역 폐쇄에 따라 해당 지역산 굴 회수 *관련 기수집 정보 : 프랑스 지롱드(Gironde)도, 식중독 발생으로 아르카숑 유역 등에서의 패류 채취 및 판매 한시적 금지(수집일자 : 2023-12-28) -일자 : 2023. 12. 28.-판매지역 : 프랑스 -제품정보 : Huîtres en provenance du bassin d’Arcachon (*아르카숑 유역산 굴, 판매기간 : 27/12/2023~28/12/2023)> 관련 제품△18 Huîtres N2 F...",,"[2] [식중독]핀란드, 굴 섭취로 인한 노로바이러스 환자 최소 170명 발생 * 관련 기수집 정보: [식중독]핀란드 헬싱키, 굴 섭취로 인한 노로바이러스 환자 20명 이상 발생(수집일자: 2023-03-01) - 보도일자 : 2023.3.22.- 지역 : 핀란드- 발생규모 : 최소 170명 - 발생사유 : 2023년 2월 및 3월 헬싱키 내 다수의 식당에서 굴 섭취후 식중독 증상 발현. 타 도시에서도 보고됨 - 기타 :노로바이로스는 총 9개의 굴 배치(batch)에서 검출되었고, 2개는 네덜란드산, 6개는 프랑스산, 1개는 아일랜드산이었...",,"[3] [회수]프랑스, 리스테리아 검출로 Le Gaulois 브랜드 오리고기 포장 제품 회수   -일자 : 2023. 11. 3.-판매지역 : 프랑스 BOUCHES-DU-RHONE, LOIRET-제품명 : Cuisse de canard (브랜드 : Le Gaulois, 바코드 : 3266980003227, 로트번호 : 0253035554, 소비기한 : 20/10/2023, 판매기간 : 09/10/2023~20/10/2023, 위생검인번호 : FR 53 014 002 CE, 냉장제품) -회수사 : - (자진 회수)-회수사유 : 리스테리아 모...",,"[4] 홍콩 환경생태국장, (일본 후쿠시마 원전오염수 방류 계획 관련)  기자회견 다음은 금일(8월 22일) 셰잔환(謝展寰) 환경생태국장의 일본 후쿠시마 원전오염수 방류 계획과 관련한 기자회견 내용임. 질문1: 이번 금지령으로 일본 식품 수입이 몇 퍼센트 금지될 것으로 추산되는가? 영향을 받는 외식업계에 대한 지원책은 없는가? 이번 금지령은 언제까지 실시될 예정인가? 방류에 필요한 시간이 10여년에서 20년이라고 가정한다면, 이들 10개 현(제품 수입)도 10~20년간 금지되는 것인가?  (환경생태국장)답변: 일본은 기본적으로 23개 현에...",,"[5] [확대회수]프랑스, 케이스 밀봉 결함으로 Charcuterie de la Thur 브랜드 소시지 회수 *관련 기수집 정보 : [회수]프랑스 Charcuterie de la Thur, 케이스 밀봉 결함으로 소시지 회수(수집일자 : 2023-07-21)*로트번호, 소비기한, 판매기간 정보 업데이트됨 (볼드처리)  -일자 : 2023. 7. 24.-판매지역 : 프랑스 Grand-Est-제품명 : Saucisse jambon (브랜드 : Charcuterie de la Thur, 바코드  소비기한 : △3760050060610  28/07...",,,,,,,,,,,
말레이시아 트렝가누주에서 발생한 식중독 사망 원인은?,"말레이시아 트렝가누주에서 발생한 식중독 사망 원인은 확실하지 않으나, Perasing RP에서 구입한 샌드위치 섭취 후 사망한 것으로 추정됩니다. 현재 식품 샘플 조사 결과를 기다리고 있습니다.","[1] [식중독] 말레이시아 트렝가누주, 샌드위치 섭취 후 식중독으로 54세 여성 사망 - 발생 일자: 2023.12.22- 발생 지역: 말레이시아 트렝가누(Terengganu)주 케마만(Kemaman) 지역- 발생 규모: 54세 여성 사망- 발생 사유: 샌드위치 섭취- 기타: 트렝가누주 보건부에 따르면 해당 여성은 Perasing RP에서 구입한 샌드위치를 섭취한 후 사망한 것으로 추정되며, 섭취 후 복통, 설사, 구토 증상을 겪었음. 현재 식품 샘플 조사 결과를 기다리고 있으며, 2주 정도 소요될 것으로 예상됨. 초기 조사에서 해당 영...",,"[2] [식중독]스페인 살라망카, 결혼식 참석한 하객 40명 식중독 및 노인 1명 사망 - 일자: 2023.7.30- 지역: 스페인 살라망카 Peñaranda de Bracamonte- 발생규모: 노인 1명 사망 및 40명 식중독- 발생 사유: 살라망카 언론 Salamanca 24 Horas에 따르면 결혼식 이후 하객들은 식당 'Las Cabañas de Peñaranda'에서 식사를 했음. 당국은 사망 원인 등 사건 경위를 조사중임....",,"[3] [식중독]멕시코, 아동 두 명 오염된 발효유 섭취로 사망 - 일자: 2023.3.5- 지역: 멕시코 타바스코(Tabasco) Amatán- 발생규모: 2명 사망(19개월 유아 및 14세 아동)- 발생 사유: 일요일(3.5) 오염된 발효유를 먹고 식중독 증세를 보인 환자 6명이 지역병원에 입원했으며 그 중 2명이 사망함. 오염원은 아직 미정임....",,"[4] [식중독]프랑스 보르도, 식당에서 음식 섭취 후 보툴리눔균으로 1명 사망 및 8명 입원 -일시 : 2023. 9. 9.-지역: 프랑스 보르도(Bordeaux)-발생 규모 : 사망 1명, 입원환자 8명-발생 사유 : △원인식품: ''Tchin Tchin Wine Bar'에서 판매한 음식 , △병인물질: 보툴리눔균(Clostridium botulinum)-기타 : 프랑스 당국은 현재, 업소에서 자체 제조한 정어리 보존식품을 식중독 원인으로 추정함(*). 당국은 해당 업소에서 샘플링을 진행하고, 모든 보존식품을 수거함. 3일 안에 결과 ...",,"[5] [식중독]베트남 안쟝성, 무료 코코넛 음료(쩨)를 먹고 1명 사망 -일시: 2023년 2월 8일-지역: 베트남 안쟝성(An Giang, 省)-발생규모: 1명 사망, 88명 중독(38명 입원)-발생사유: 2월 3일에 가공하여 만든 코코넛 음료(chè) 취식...",,,,,,,,,,,
Arauco 올리브유가 판매금지된 이유는?,Arauco 올리브유가 판매 금지된 이유는 아르헨티나 식품의약품의학기술청에 등록된 번호가 허위로 표시되었기 때문입니다.,"[1] 아르헨티나 식품의약품의학기술청, 등록번호 허위 표시로 Arauco 올리브유 판매금지 - 날짜: 2023.12.22. (결의번호: 11296/2023)- 제품: Aceite de Oliva Calidad Premium; 상표: Arauco; 업체등록번호 RNE: 24589668 -제품등록번호 RNPA: 24555178; 업체명: Agroverde (소재: R 60 Km 170 - Estación Mazan, La Rioja)- 사유:  존재하지 않는 등록번호 표시- 제품사진: 원문 하단 anexo...",,"[2] 홍콩 환경생태국장, (일본 후쿠시마 원전오염수 방류 계획 관련)  기자회견 다음은 금일(8월 22일) 셰잔환(謝展寰) 환경생태국장의 일본 후쿠시마 원전오염수 방류 계획과 관련한 기자회견 내용임. 질문1: 이번 금지령으로 일본 식품 수입이 몇 퍼센트 금지될 것으로 추산되는가? 영향을 받는 외식업계에 대한 지원책은 없는가? 이번 금지령은 언제까지 실시될 예정인가? 방류에 필요한 시간이 10여년에서 20년이라고 가정한다면, 이들 10개 현(제품 수입)도 10~20년간 금지되는 것인가?  (환경생태국장)답변: 일본은 기본적으로 23개 현에...",,"[3] 아르헨티나 식품의약품의학기술청, 등록번호 허위 표시로 Verde Olivo 올리브유 판매금지 - 날짜: 2023.8.4 (결의번호: 5977/2023)- 제품: Aceite de oliva extra virgen (상표: Verde Olivo)- 사유:  존재하지 않는 등록번호 표시- 제품사진: 원문 하단 anexo...",,"[4] 아르헨티나 식품의약품의학기술청, 등록번호 허위 표시로 Olivos Serranos 올리브유 판매금지 - 날짜: 2023.11.16 (결의번호: 9731/2023)- 지역: 아르헨티나 코르도바- 제품: Aceite Extra Virgen; 상표: Olivos Serranos; 업체명: Traslasierras Córdoba; 업체등록번호RNE: 024400135; 제품등록번호RNPA: 02430522- 사유:  존재하지 않는 등록번호 표시- 제품사진: 원문 하단 anexo...",,,,,,,,,,,,,
벨기에에서 Isla Délice 식육가공품이 회수된 이유는?,벨기에에서 Isla Délice 식육가공품이 회수된 이유는 클로스트리디움 보툴리눔의 존재 가능성 때문입니다.,"[1] [회수]벨기에 연방식품안전청, 클로스트리디움 보툴리눔 존재 가능성으로 식육가공품 11종 회수 -일자 : 2023. 12. 22.-지역 : 벨기에-브랜드 : Isla Délice-제품명 : 1) ID LES TRANCHETTES AUX OLIVES 10TR 120g2) ID LES TRANCHETTES SPICY/PIQUANTES 10TR 120g3) ID MORTADELICE A LA PROVENCALE 10TR 120g4) ID MORTADELICE A LA PROVENCALE 2kg5) ID MORTADELICE PIQUANT ...",,"[2] [회수]벨기에 Delhaize, 아크릴아마이드 과량으로 Delhaize bio 브랜드 채소칩 회수 -일자 : 2023. 2. 2.-지역 : 벨기에-제품명 : Chips de légumes (sel de mer) (브랜드 : Delhaize bio, 바코드 : 5400113658580, 로트번호 : C 259 080610, 품질유지기한 : 15/04/2023, 판매기간 : 04/10/22~02/02/23, 중량 : 100g) -회수사 : Delhaize-회수사유 : -기타 : 회수사는 벨기에 연방식품안전청(AFSCA)과의 협의 하에 ...",,"[3] [회수]벨기에 Carrefour, 알레르기 유발물질 우유 미표시로 식육가공품 회수 -지역 : 벨기에-제품명 : Filet de poulet (브랜드 : Carrefour Simpl, 바코드 : 5400101064898, 소비기한 : 18/04/2023, 판매기간 : 19/03/2023~24/03/2023, 중량: 300g) -회수사 : Carrefour-회수사유 : 알레르기 유발물질 우유 미표시-제품사진 : 원문참조 -기타 : 회수사는 벨기에 연방식품안전청(AFSCA)과의 합의하에 회수를 진행함...",,"[4] [회수]벨기에 Delhaize, 아크릴아마이드 과량으로 Terra 브랜드 채소칩 회수 -일자 : 2023. 2. 2.-지역 : 벨기에-제품명 : Chips stripes  blues - sea salt (브랜드 : Terra, 바코드 : 0728229130444, 로트번호 : 228 A3, 품질유지기한 : 29/03/2023, 판매기간 : 18/10/22~02/02/2023) -회수사 : Delhaize-회수사유 : 아크릴아마이드 과량 -제품사진 : 원문참조 -기타 : 회수사는 벨기에 연방식품안전청(AFSCA)과의 협의 하에 회수를...",,"[5] 홍콩 환경생태국장, (일본 후쿠시마 원전오염수 방류 계획 관련)  기자회견 다음은 금일(8월 22일) 셰잔환(謝展寰) 환경생태국장의 일본 후쿠시마 원전오염수 방류 계획과 관련한 기자회견 내용임. 질문1: 이번 금지령으로 일본 식품 수입이 몇 퍼센트 금지될 것으로 추산되는가? 영향을 받는 외식업계에 대한 지원책은 없는가? 이번 금지령은 언제까지 실시될 예정인가? 방류에 필요한 시간이 10여년에서 20년이라고 가정한다면, 이들 10개 현(제품 수입)도 10~20년간 금지되는 것인가?  (환경생태국장)답변: 일본은 기본적으로 23개 현에...",,"[6] [회수]벨기에 Delhaize, 포장 결함으로 보존 기간 보장할 수 없어 훈제 연어 회수 -일자 : 2023. 5. 23.-지역 : 벨기에-제품명 : saumon Atlantique Norvégien fumé (브랜드 : Delhaize, 바코드 : 5400112212509, 소비기한 : 08/06/2023, 로트번호 : 23185650, 중량 : 280g, 판매기간 : 19/05/2023~22/05/2023)-회수사 : Delhaize-회수사유 : 포장 결함으로 보존 기간 보장할 수 없음 -제품사진 : 원문참조 -기타 : 회수사는...",,,,,,,,,
영국 Country Kitchen에서 회수한 머핀의 제품명은?,Double Chocolate Chip Muffins,"[1] [회수]영국 Country Kitchen, 알레르기 유발물질 달걀 미표시로 머핀 회수 - 일자: 2023.12.22.- 지역: 북아일랜드- 제품명: Double Chocolate Chip Muffins; Best before: 26 December 2023 and 2 January 2024- 회수사: Country Kitchen- 회수사유: 알레르기 유발물질 달걀 미표시- 제품사진: https://s3-eu-west-1.amazonaws.com/fsa-alerts-files/production/FSA-AA-59-2023/FSA-AA...",,"[2] 영국 정부, '23년말까지 적용유지 EU법 폐지하려던 계획 철회 (브렉시트) 영국 정부는 2023년말까지 유럽연합법을 폐지하려던 계획을 철회함. '적용유지 EU법(REUL)'의 개정으로 영국 국내법으로 대체, 폐지 또는 통합되지 않은 EU 파생 법률을 폐기하는 조항이 12월에 제거될 것임. 2,400개 이상의 EU 법령이 영국 EU 탈퇴(브렉시트) 전환기 종료 시점에 영국법으로 잔류하였음. 식품기준청(FSA)은 영국에서 더 이상 필요하지 않은 EU법 8가지를 식별하였음. 동 법은 행정법안(Statutory Instrument)으로 ...",,"[3] 프랑스 Foodwatch, 식용곤충에 대한 질문 및 답변(QnA) 게재    프랑스 소비자단체 '푸드워치(Foodwatch)' 소셜 네트워크 서비스(SNS)상에서 식용곤충을 둘러싼 부정확한 정보가 만연함에 따라, 식용곤충에 대한 질문 및 답변을 마련했음.   질문은 다음과 같음. Q. 곤충 섭취는 유럽에서 허용되었나? Q. 어떤 식품에 곤충이 첨가될 수 있나Q. 우발적으로 곤충을 섭취하게 될 위험이 있는가? 곤충 관련 정보가 라벨에 표시될 예정인가Q. 식용곤충과 관련하여 어떤 위험이 있을 수 있는가? 특히 알레르기 반응 등Q. 곤충...",,"[4] 독일 LAVES, 베이킹 종이 및 종이 머핀 틀 중 중금속 등의 검사결과 게재 독일 니더작센주 소비자보호식품안전검사청(LAVES)은 2022년 15개의 베이킹 종이 및 25개의 종이 머핀 틀 중 중금속 등의 검사결과를 게재하였음.[주요 검사 내용]- 베이킹 종이는 납·카드뮴·알루미늄, 표시 등에 대해 검사되었으며, 한 개 제품이 최대 220°C 온도 이하에서 사용되어야 한다는 문구가 부재하여 부적합 평가를 받았음- 종이제 머핀 틀은 클로로프로판올(Chlorpropanole)·원소·휘발성 물질에 대해 검사되었으며, 2개 제품은 최대 ...",,"[5] 영국, 남미·유럽산 제품이 영국산 쇠고기로 허위 표시되어 슈퍼마켓 1곳에서 판매 '영국산 쇠고기'로 둔갑한 남미와 유럽산 쇠고기 슬라이스 제품이 영국의 한 슈퍼마켓에서 판매된 사실이 드러났음.  영국 식품기준청 산하 국립식품범죄수사대인 NFCU는 이를 조사 중이며, 관련 영향을 받은 제품 전량은 슈퍼마켓 진열대에서 철수된 사실을 확인함. 'Booths(사)'는 당사가 문제의 슈퍼마켓임을 The Grocer(지)에 확인하였음. 또한 성명을 통해 Booths(사)는 조사 과정에 있지 않으며, 문제가 된 제품은 진열대에서 제거되었고 이슈...",,,,,,,,,,,
Le Duo des Gors 치즈가 회수된 이유는?,Le Duo des Gors 치즈는 시가독소 생성 대장균 검출로 회수되었습니다.,"[1] [회수]스위스 Fromagerie Moléson SA, 시가독소 생성 대장균 검출로  Le Duo des Gors 브랜드 치즈류 회수 ― 발표일자: 2023.12.21.― 유통지역: 독일― 제품명(브랜드명): Le Duo des Gors 180 g (치즈류; 포장: 180g; 제품번호(lot): 200223046242; 품질유지기한: 06.01.2024)― 제조사: Fromagerie des Gor ― 회수사: Fromagerie Moléson SA― 회수사유: 시가독소 생성 대장균 검출― 제품사진: 원문참고...",,"[2] [회수]스위스 Globus, 시가독소 생성 대장균 검출로 Fromagerie des Gors(사)의 치즈 2종 회수 ― 발표일자: 2023.11.10.― 유통지역: 스위스 ― 제품명: ▲ Brique de chèvre Sakura 및 ▲ Anneau Cendré Lait Cru (제품번호: 1301450200 / 1301611700; 품질유지기한: 25/11/2023; 로트넘버: EBE 276 / EBE 278; 무게: 220g / 160g)― 제조사: Fromagerie des Gors ― 회수사: Globus ― 회수사유: 시가...",,"[3] [회수]프랑스, 리스테리아로 GIE BERRY TOURAINE André PLAZA 브랜드 치즈 2종 회수 -일자 : 2023. 8. 17.-판매지역 : 프랑스 전역-브랜드 : GIE BERRY TOURAINE André PLAZA-제품명 : (로트번호 : LOT 2006~LOT 2207, 냉장제품) 1) fromage au lait cru de chèvre (제품사진 : https://rappel.conso.gouv.fr/fiche-rappel/12114/Interne )2) fromage au lait cru de chèvre ...",,"[4] [회수]스위스 Globus AG, 시가독소 생성 대장균 검출로 치즈류 회수(2) - 발표일자: 2023.8.25.- 유통지역: 스위스 - 제품명: Le Duo (중량: 180 g; 품질유지기한: 09/09/2023; 제품번호: 1315339900; 로트넘버; EOM 199)- 제조 및 회수사: Globus AG- 회수사유: 시가독소 생성 대장균 검출  - 제품사진: 원문참고...",,"[5] [확대회수]프랑스, 리스테리아로 GIE BERRY TOURAINE André PLAZA 브랜드 치즈 2종 회수 *관련 기수집 정보 : [회수]프랑스, 리스테리아로 GIE BERRY TOURAINE André PLAZA 브랜드 치즈 2종 회수(수집일자 : 2023-08-18)*로트번호 확대됨 (볼드처리) -일자 : 2023. 8. 18.-판매지역 : 프랑스 전역-브랜드 : GIE BERRY TOURAINE André PLAZA -제품명 : (로트 : LOT 2006~LOT 3107, 냉장제품) 1) fromage au lait cru...",,,,,,,,,,,
뉴질랜드에서 Value brand 탄산음료가 회수된 이유는?,Value brand 레몬에이드 탄산음료가 회수된 이유는 페닐알라닌 함유 제품이 잘못 포장되어 페닐알라닌 함유 제품으로 오인될 위험이 있었기 때문입니다.,"[1] [회수]뉴질랜드 Foodstuffs Own Brands Ltd, 페닐알라닌 함유 및 오포장으로 탄산음료 회수 -일자: 2023.12.6.-유통지역: 뉴질랜드 남섬(New World, PAK’nSAVE, Four Square, On the Spot and Trents 매장)-회수사: Foodstuffs Own Brands Ltd-제품명: Value brand Lemonade Flavoured Soft Drink (1.5L) (BATCH 2059 Best Before 16/06/24)-회수사유: 페닐알라닌(phenylalanine) 함...",,"[2] [확대회수]뉴질랜드 Foodstuffs Own Brands Ltd, 세르비아산 냉동 베리의 A형 간염 관련 가능성으로 베리류 다수 회수 * 관련 수집정보- 뉴질랜드 일차산업부, 냉동 베리로 인한 A형 간염 위험(수집일자: 2022-09-14)- [회수]뉴질랜드 Foodstuffs Own Brands Ltd, 세르비아산 냉동 베리의 A형 간염 관련 가능성으로 베리류 다수 회수(수집일자: 2022-10-04)  - 일자: 2023.1.15- 유통지역: 뉴질랜드 South Island(Trents Wholesale 및 Raeward Fr...",,"[3] [회수]뉴질랜드 The Foodstuffs Own Brands Ltd, 대장균 존재 가능성으로 즉석섭취용 당근 회수 -일자 : 2023.1.20-유통지역 : 뉴질랜드 전역의 Pak’n Save, New World 및 Four Square 매장-제품: Pams brand Carrot Batons (300g) (소비기한 Use By Date 20/01/23)-회수사 : The Foodstuffs Own Brands Ltd-회수사유 : 대장균 존재 가능-제품사진 : 원문참조-기타: 수출 내역 없음...",,"[4] [회수]뉴질랜드 Countdown, 오포장에 따른 알레르기 유발물질(대두) 미표시로 치킨 케밥 꼬치 회수 -일자 : 2023.5.22-유통지역 : 뉴질랜드 북섬 전역의 Countdown 매장-제품명 : Countdown brand 5 Satay Flavoured Chicken Kebabs > 품질유지기한(Best Before): 27/05/23-회수사 : Countdown-회수사유 : 알레르기 유발물질 대두 미표시. 'Countdown brand 5 Honey Soy Chicken Kebabs'이 'Countdown brand 5 ...",,"[5] [회수]뉴질랜드 Life Health Foods NZ Ltd, 알레르기 유발물질 우유 미표시로 냉장 커리 밀 회수 -일자 : 2023.8.3-유통지역 : 뉴질랜드 전역-제품명 : Naked Kitchen brand Japanese Vegetable Curry (500g)-일자표시 : 품질유지기한(Best before) 05.09.23-회수사 : Life Health Foods NZ Ltd-회수사유: 알레르기 유발물질(우유) 미표시. Naked Kitchen brand French Style Mushroom Soup이 Naked Ki...",,,,,,,,,,,
"미국에서 TGD Cuts, LLC가 회수한 과일의 오염 가능성이 있는 병원균은?",살모넬라 균입니다.,"[1] 미국 식품의약품청, 캔털루프 관련 살모넬라 감염 조사 현황(12.07) [감염현황, 12월 7일 기준]- 발생사례: 230건- 입원자: 96명- 사망자: 3명- 마지막 발병일: 11/20/2023- 발생지역: AK, AR, AZ, CA, CO, GA, IA, IL, IN, KS, KY, MA, MD, MI, MN, MO, MS, MT, NC, NE, NJ, NM, NV, NY, OH, OK, OR, PA, RI, SC, SD, TN, TX, UT, VA, WA, WI, WV- 제품 유통지역: 미국 전역 [조사현황]미국 식품의약품청(...",,"[2] [회수]미국 GHGA, LLC, 살모넬라 오염 가능성으로 신선 과일 회수 -일자: 2023.11.29. (FDA 발표일: 2023.11.29.)-유통지역: 미국 Alabama, Georgia 소재 Kroger 매장, Alabama, Georgia, North Carolina, South Carolina 소재 Sprouts 매장, Alabama, Florida, Georgia, South Carolina, Tennessee 소재 Trader Joe’s 매장-회수사: GHGA, LLC-제품명: 회수된 캔털루프와 관련이 있는 모든 GHG...",,"[3] [회수]미국 GHGA, LLC, 살모넬라 오염 가능성으로 신선 과일 회수(유통지역 정정) * 관련 기수집정보: [회수]미국 GHGA, LLC, 살모넬라 오염 가능성으로 신선 과일 회수(수집일자: 2023-11-30)* 회수사가 이전 발표를 정정함. 유통지역에 Florida를 포함시키고 Alabama를 삭제함. 추가된 제품이나 일자 없음. -일자: 2023.12.6. (FDA 발표일: 2023.12.6.)-유통지역: 미국 Alabama, Georgia 소재 Kroger 매장, Florida, Georgia, North Carolina...",,"[4] [회수]미국 Jan Fruits Inc., 리스테리아 오염 가능성으로 대만산 팽이버섯 회수 - 일자: 2023.02.24. (FDA발표일: 2023.02.24.)- 유통지역: 미국 CA, HI- 회수사: Jan Fruits Inc.- 브랜드명: Taiwan Best Quality- 제품명: Enoki Mushrooms, 200g/7.05oz. UPC 8 51084 00835 8. Lot Code #3779.- 제조사: Changhua County Mushrooms Production Cooperative- 원산지: 대만- 회수사유:...",,"[5] [E/R]미국 C&E Farms, Inc., 사슴 배설물 오염 가능성으로 상추 회수 -지역: 미국 MI, MA, UT, CA, TX, IL, MD; 수출 내역 없음. -제품명: Romaine lettuce packed in bulk 45-lb mini-bins(Tierrasol Ranch, Lot 23-27R017T)-회수사: CE Farms, Inc. (회수중, 회수일: 8/1/2023)-회수사유: 사슴 배설물 오염 가능성...",,,,,,,,,,,
FishMeatz LLP가 벌금형을 받은 이유는 무엇인가?,"FishMeatz LLP는 미허가 냉장 창고를 불법적으로 운영한 혐의로 벌금형을 받았습니다. 이 업체는 싱가포르에서 식품을 안전하게 보관해야 하는 규정을 위반한 것입니다. 하지만, 질문에 대한 답변은 주어진 정보에서는 싱가포르 법원의 판결에 초점을 맞추고 있으며, FishMeatz LLP가 벌금형을 받은 구체적인 이유에 대해서는 언급되지 않았습니다. 주어진 정보에 따르면, 주요 문제는 미허가 냉장 창고의 불법 운영이었습니다. 더 구체적인 이유를 알고 싶으시다면 추가 정보가 필요합니다.","[1] 싱가포르 법원, 미허가 냉장 창고 불법 운영 혐의로 1개 업체 및 대표 벌금형 선고 싱가포르 법원은 온라인 식료품점인 FishMeatz LLP에 미허가 냉장 창고를 불법적으로 운영한 혐의로 10,000달러의 벌금형을 구형했으며, 그 대표인 Chung Seng Choy에게도 범죄를 예방하지 못한 혐의로 10,000달러의 벌금형을 구형했음.  2023년 2월 1일, 싱가포르 식품청(SFA) 관계자는 동 업체의 시설에서 다양한 육류 및 해산물 제품을 보관하는 미허가 냉장 창고를 적발했음. 식품청은 약 2,965kg의 육류 및 해산물 제품...",,"[2] 홍콩 환경생태국장, (일본 후쿠시마 원전오염수 방류 계획 관련)  기자회견 다음은 금일(8월 22일) 셰잔환(謝展寰) 환경생태국장의 일본 후쿠시마 원전오염수 방류 계획과 관련한 기자회견 내용임. 질문1: 이번 금지령으로 일본 식품 수입이 몇 퍼센트 금지될 것으로 추산되는가? 영향을 받는 외식업계에 대한 지원책은 없는가? 이번 금지령은 언제까지 실시될 예정인가? 방류에 필요한 시간이 10여년에서 20년이라고 가정한다면, 이들 10개 현(제품 수입)도 10~20년간 금지되는 것인가?  (환경생태국장)답변: 일본은 기본적으로 23개 현에...",,"[3] 싱가포르 법원, 신선 채소 불법 수입 혐의로 1개 업체 및 그 이사에 벌금형 선고 2월 1일, 싱가포르 법원은 등록된 육류 수입업체인 SM Fresh Pte Ltd(사)에 신선 채소를 불법 수입한 혐의로 40,000달러의 벌금을 부과하였으며 업체의 이사인 Chua Boon에게도 범죄를 예방하지 못한 혐의로 6,000달러의 벌금을 부과하였음. 2020년 6월, 싱가포르 식품청(SFA)은 상기 수입업체가 말레이시아에서 수입한 375kg의 미신고 및 축소신고된 신선 채소 탁송물을 발견하였음. 모든 불법 탁송물은 압수되었음. 싱가포르에서 ...",,"[4] 독일 연방교육연구부, 유전체신기술(NGT) 관련 질의 및 답변 정보 게재 독일 연방교육연구부(BMBF)는 2023년 1월 26일 유전체 편집(genome-editing) 및 CRISPR/Cas9 등 유전체신기술(NGT, 독문명: 신배양기술(NZT, Neue Züchtungstechniken)) 관련 다음 5가지 질문에 대한 답변 정보를 게재하였음. ▷NGT는 무엇이며 어떻게 작동하는가  ▷NGT는 기존 배양 방식과 어떻게 다른가▷NGT는 기존 배양 방식에 비해 어떤 위험이 있는가▷NGT가 필요한 이유는 무엇인가▷NGT가 독일에서 아...",,"[5] 미국 유타주 지방법원, 식이보충제 제조 및 유통업체 두 곳에 제조 및 판매 중단 명령내려 미국 식품의약품청(FDA)은 식이보충제 유통업체, 제조업체 및 두 경영진이 연방법원으로부터 연방 식품의약품화장품법에 따라 연방 규정과 요건을 준수할 때까지 제품의 제조와 판매를 중단하라는 명령을 받았다고 발표함. 미국 유타주 지방법원은 Evig LLC(사)와 업체의 CEO인 Douglas Lex Howard, 그리고 Premium Production LLC(사)와 업체의 매니저인 Ryan Petersen에 두 가지 영구 금지 명령에 대한 동의 ...",,,,,,,,,,,
Rude Health Organic Coconut Drink가 회수된 이유는 무엇인가?,Rude Health Organic Coconut Drink는 알레르기 유발물질인 우유가 함유되어 있음에도 불구하고 이를 제품 라벨에 표시하지 않았기 때문에 회수되었습니다.,"[1] [회수]아일랜드 식품안전청, 알레르기 유발물질 우유 함유 미표시로 코코넛음료 회수 공지 - 일자: 2023.12.29.- 제품명: Rude Health Organic Coconut Drink; 배치코드: L23068Y; best before date: 08/03/2024- 회수사유: 알레르기 유발물질 우유 함유 미표시- 제품사진: -...",,"[2] [회수] 영국 Rude Health, 알레르기 유발물질 브라질너트(견과류) 함유 미표시로 뮤즐리 회수 -일자 : 2023.4.21-제품명 : Rude Health Organic Ultimate Muesli; Pack size: 400g; Batch code: 23039 L7; Best before: 08 February 2024-회수사 : Rude Health-회수사유 : 알레르기 유발물질 브라질너트(견과류) 미표시-제품사진 : https://s3-eu-west-1.amazonaws.com/fsa-alerts-files/produc...",,"[3] [회수철회]미국 Grandy Organics, 알레르기 유발물질 코코넛 미표시로 인한 그래놀라 회수 철회 * 기수집정보: [회수]미국 Grandy Organics, 알레르기 유발물질 코코넛 미표시로 그래놀라 회수(수집일자: 2023-11-06) -일자: 2023.11.09.-회수사: Grandy Organics-제품명: Gluten Free Honey Oat Granola 제품을 포함한 모든 Grandy Organics의 제품-회수철회 사유: FDA는 제품에 코코넛을 포함한 모든 알레르기 유발물질이 존재하지 않는다는 새로운 결과 등...",,"[4] 독일 연방교육연구부, 유전체신기술(NGT) 관련 질의 및 답변 정보 게재 독일 연방교육연구부(BMBF)는 2023년 1월 26일 유전체 편집(genome-editing) 및 CRISPR/Cas9 등 유전체신기술(NGT, 독문명: 신배양기술(NZT, Neue Züchtungstechniken)) 관련 다음 5가지 질문에 대한 답변 정보를 게재하였음. ▷NGT는 무엇이며 어떻게 작동하는가  ▷NGT는 기존 배양 방식과 어떻게 다른가▷NGT는 기존 배양 방식에 비해 어떤 위험이 있는가▷NGT가 필요한 이유는 무엇인가▷NGT가 독일에서 아...",,"[5] [회수]호주 Noosa Hinterland, 미표시된 알레르기 유발물질 우유 함유로 식물성 프로바이오틱 코코넛 요거트 회수 -일자: 2023.03.02 (업데이트: 2023.03.03)-유통지역: 호주 NSW, QLD, VIC, SA, WA-회수사: Noosa Hinterland-제품명: Nakula Plant Based Probiotic Coconut Yoghurt Natural 500g> 배치번호 T2F282-회수사유: 미표시된 알레르기 유발물질 우유 존재-제품사진: 원문참조 ...",,,,,,,,,,,
New Roots Herbal의 아슈와간다 제품이 회수된 이유는 무엇인가?,New Roots Herbal의 아슈와간다 제품이 회수된 이유는 **이물 혼입 가능성** 때문입니다.,"[1] [회수]캐나다 New Roots Herbal, 이물 혼입 가능성으로 아슈와간다 회수 -일자: 2023.12.29.-브랜드: Ashwagandha-제품 : Ashwagandha Extract 500 mg; 시장승인: NPN 80071783; 복용형태: 캡슐; 효능: Withania somnifera extract 5% withanolides; 로트: 47504-회수사 : New Roots Herbal (3405 FX Tessier Vaudreuil-Dorion, Québec J7V 5V5)-회수사유 : 이물 혼입 가능성-제품사진: -...",,"[2] 독일 연방교육연구부, 유전체신기술(NGT) 관련 질의 및 답변 정보 게재 독일 연방교육연구부(BMBF)는 2023년 1월 26일 유전체 편집(genome-editing) 및 CRISPR/Cas9 등 유전체신기술(NGT, 독문명: 신배양기술(NZT, Neue Züchtungstechniken)) 관련 다음 5가지 질문에 대한 답변 정보를 게재하였음. ▷NGT는 무엇이며 어떻게 작동하는가  ▷NGT는 기존 배양 방식과 어떻게 다른가▷NGT는 기존 배양 방식에 비해 어떤 위험이 있는가▷NGT가 필요한 이유는 무엇인가▷NGT가 독일에서 아...",,"[3] [회수]캐나다 Natures Formulae Health Products Ltd., 규격을 벗어난 외형 및 색상으로 천연건강제품 회수 - 최초 발표 일자: 2023-04-11 (최신 업데이트 일자: 2023-04-11)- 회수사: Natures Formulae Health Products Ltd.- 제품: 브랜드; 제품명; 시장 승인; 섭취(Dasage) 형태; 효능; 로트Rumina Naturals Inc.; Goat's Rue; NPN 80063597; 팅크(Tincture); Goat’s Rue (Galega officinal...",,"[4] 홍콩 환경생태국장, (일본 후쿠시마 원전오염수 방류 계획 관련)  기자회견 다음은 금일(8월 22일) 셰잔환(謝展寰) 환경생태국장의 일본 후쿠시마 원전오염수 방류 계획과 관련한 기자회견 내용임. 질문1: 이번 금지령으로 일본 식품 수입이 몇 퍼센트 금지될 것으로 추산되는가? 영향을 받는 외식업계에 대한 지원책은 없는가? 이번 금지령은 언제까지 실시될 예정인가? 방류에 필요한 시간이 10여년에서 20년이라고 가정한다면, 이들 10개 현(제품 수입)도 10~20년간 금지되는 것인가?  (환경생태국장)답변: 일본은 기본적으로 23개 현에...",,"[5] [회수]캐나다 Natures Formulae Health Products Ltd., 규격을 벗어난 외형 및 색상으로 천연건강제품 회수 - 최초 발표 일자: 2023-04-11 (최신 업데이트 일자: 2023-04-11)- 회수사: Natures Formulae Health Products Ltd.- 제품: 브랜드; 제품명; 시장 승인; 섭취(Dasage) 형태; 효능; 로트Rumina Naturals Inc.; Millk Aplenty; NPN 80063315; 팅크(Tincture); Shatavari (Asparagus race...",,,,,,,,,,,
벨기에에서 BERGERONNETTE Pérail du Fédou 치즈가 회수된 이유는 무엇인가?,벨기에 연방식품안전청은 BERGERONNETTE Pérail du Fédou 치즈에서 리스테리아 모노사이토제네스가 발견된 것이 원인으로 해당 제품을 회수했습니다.,"[1] [회수]벨기에 연방식품안전청, 리스테리아 존재로 치즈 회수 -일자 : 2023. 12. 27.-지역 : 벨기에-제품명 : BERGERONNETTE Pérail du Fédou (로트번호 : 23.333.002, 소비기한 : 08/01/2024, 중량 : 150g)-회수사 : --회수사유 : 리스테리아 모노사이토제네스 존재-제품사진 : 원문참조 -기타 : 벨기에 연방식품안전청(AFSCA)은 RASFF 시스템을 통해 문제를 통보받은 후 회수를 실시함...",,"[2] [회수]벨기에 연방식품안전청, 리스테리아 존재로 염소치즈 회수  -일자 : 2023. 1. 11.-지역 : 벨기에-제품명 : Le Claousou du Causse Méjean (브랜드 : le Fédou, 로트번호 : 22 335 001, 소비기한 : 17/01/2023~18/01/2023, 중량 : 250g) -회수사 : -  -회수사유 : 리스테리아 모노사이토제네스 존재 -제품사진 : 원문참조 ...",,"[3] [회수]프랑스, 리스테리아 존재로 FEDOU 브랜드 치즈 회수 -일자 : 2023. 12. 19.-판매지역 : 프랑스 전역-제품명 : BERGERONNETTE (브랜드 : FEDOU, 로트번호 : 23.333.002, 품질유지기한 : 07/01/2024~10/01/2024, 판매기간 : 11/12/2023~18/12/2023, 위생검인번호 : CE 048.074.011, 냉장제품) -회수사 : - (자진 회수)-회수사유 : 리스테리아 모노사이토제네스 존재-제품사진 : 원문참조 ...",,"[4] 홍콩 환경생태국장, (일본 후쿠시마 원전오염수 방류 계획 관련)  기자회견 다음은 금일(8월 22일) 셰잔환(謝展寰) 환경생태국장의 일본 후쿠시마 원전오염수 방류 계획과 관련한 기자회견 내용임. 질문1: 이번 금지령으로 일본 식품 수입이 몇 퍼센트 금지될 것으로 추산되는가? 영향을 받는 외식업계에 대한 지원책은 없는가? 이번 금지령은 언제까지 실시될 예정인가? 방류에 필요한 시간이 10여년에서 20년이라고 가정한다면, 이들 10개 현(제품 수입)도 10~20년간 금지되는 것인가?  (환경생태국장)답변: 일본은 기본적으로 23개 현에...",,"[5] [회수]프랑스 GAEC Les VERDAIS, 리스테리아 존재로 치즈 회수 -일자 : 2023. 8. 2.-판매지역 : 프랑스 전역-브랜드 : FERME DES VERDAIS-제품명 : La Transéenne (로트번호 : 23030820, 품질유지기한 : 25/07/2023~08/09/2023, 판매기간 : 05/07/2023~01/08/2023, 위생검인번호 : FR 44.207.001 CE, 냉장제품)-모델명/레퍼런스 : ▲La transéenne BIO (절단 판매), ▲La transéenne Fromage rapé Fe...",,,,,,,,,,,
루샤오자 식품 유한공사의 오향 닭날개가 부적합 판정을 받은 이유는 무엇인가?,"루샤오자 식품 유한공사의 오향 닭날개가 부적합 판정을 받은 이유는 세균수 기준치를 초과했기 때문입니다. 정확한 수치는 원문에 따르면 140,000 CFU/g 이상이어야 하는데 이 제품은 270,000 CFU/g 이상으로 검출되어 기준을 충족하지 못했습니다.","[1] 중국 충칭시 시장감독관리국, 세균수 기준 초과로 양념육류 부적합(1) 충칭(重庆)시 시장감독관리국, 2023년 제44호 식품안전 샘플검사 부적합 식품 공고 - 생산기업: 충칭(重庆) 루샤오자 식품 유한공사(LuXiaoJia:麓小佳食品有限公司)- 식품명: 오향 닭날개(오향맛)(복사식품)(五香鸡翅（五香味）（辐照食品）)- 규격: 400g/봉- 상표: 루샤오자(LuXiaoJia:麓小佳)- 생산일자/로트번호: 2023년 9월 3일- 부적합항목║검사결과║기준치: 균락총수║140000；270000；480000；230000；210000CFU/g║...",,"[2] 중국 후난성 시장감독관리국, 소브산 사용기준 위반으로 두부류 부적합 후난(湖南)성 시장감독관리국, 2023년 제14기 부적합 식품 공고 - 생산기업: 후난(HuNan:湖南)성 추지 식품 유한공사(QiuJi:邱记食品有限公司)- 식품명: 조린 두부 계열(卤豆腐系列)（豆制品）- 규격: 250g/봉- 상표: 추샤오윈(QiuXiaoYun:邱小云)- 생산일자/로트번호: 2023년 5월 7일- 부적합항목║검사결과║기준치: 소브산 및 그 칼륨염(소브산으로 계산))||0.210g/kg||사용불가(*기타 원문 참조)...",,"[3] 홍콩 환경생태국장, (일본 후쿠시마 원전오염수 방류 계획 관련)  기자회견 다음은 금일(8월 22일) 셰잔환(謝展寰) 환경생태국장의 일본 후쿠시마 원전오염수 방류 계획과 관련한 기자회견 내용임. 질문1: 이번 금지령으로 일본 식품 수입이 몇 퍼센트 금지될 것으로 추산되는가? 영향을 받는 외식업계에 대한 지원책은 없는가? 이번 금지령은 언제까지 실시될 예정인가? 방류에 필요한 시간이 10여년에서 20년이라고 가정한다면, 이들 10개 현(제품 수입)도 10~20년간 금지되는 것인가?  (환경생태국장)답변: 일본은 기본적으로 23개 현에...",,"[4] 중국 장쑤성 시장감독관리국,  세균수 기준 위반으로 '루이위안' 햄 부적합 판정 장쑤(江苏)성 시장감독관리국, 2023년 제1기 부적합 식품 공고  - 생산기업: 롄수이(LianShui:涟水)현 루이위안 식품 유한공사(RuiYuan:锐缘食品有限公司)- 식품명: 염수 사각형 햄(盐水方腿)（肉制品）- 규격: 220g/봉- 상표: 루이위안(RuiYuan:锐缘)- 생산일자/로트번호: 2022년 7월 18일- 부적합항목║검사결과║기준치: 균락총수||5.7×10⁴CFU/g,4.7×10⁴CFU/g,4.7×10⁴CFU/g,4.1×10²CFU/g,...",,"[5] 독일 연방위해평가원, 살모넬라균 감염 예방에 관한 질의 및 답변 정보 업데이트 독일 연방위해평가원(BfR)은 2023년 8월 24일 살모넬라균 감염 예방에 관한 질의 및 답변(QnA) 정보를 업데이트하였음.  독일에서 보고된 살모넬라증 사례는 2010년 이후 현재까지 확연히 감소하였음(2010년 26,960건 → 2022년 11,256건). 그러나 살모넬라균은 캠필로박터균 다음으로 가장 빈번하게 장 질환을 유발하는 박테리아임. 살모넬라균은 주로 살모넬라균에 오염된 식품을 통해 전이될 수 있으며, 제조 과정에서 살모넬라에 오염되거나 ...",,"[6] 중국 헤이룽장성 시장감독관리국, 소브산 사용기준 위반으로 식육가공품 부적합 헤이룽(黑龙)성 시장감독관리국, 2023년 제19기 식품안전 샘플검사 부적합 식품 공고 - 생산기업: 헤이룽장(HeiLongJiang:黑龙江)성 라주주 식품 유한공사(LaJiuJiu:辣酒久食品有限公司)- 식품명: 라주주 매운 닭발(LaJiuJiuHuoLa:辣酒久火辣鸡爪)- 규격: 500g/상자- 상표: /- 생산일자/로트번호: 2023년 5월 17일- 부적합항목: 소브산 및 그 칼륨염(소브산으로 계산)- 검사결과: 0.127 g/kg- 기준치: 사용해서는 안...",,,,,,,,,
GDE Grocery Delivery E-Services Canada Inc.가 회수한 닭고기 제품의 유통지역은 어디인가?,"뉴브런즈윅, 노바스코샤, 온타리오, 프린스에드워드아일랜드, 퀘벡입니다.","[1] [회수]캐나다 GDE Grocery Delivery E-Services Canada Inc., 덜 익힘으로 인한 안전 우려로 닭고기 함유 제품 회수 -최신 업데이트 일자: 2023-12-22-유통지역 : New Brunswick, Nova Scotia, Ontario, Prince Edward Island, Quebec-제품정보 : 브랜드; 제품; 크기; UPC; 코드 Factor; Parmesan Pesto Chicken with Steamed Spinach, Roasted Green Beans  Grape Tomatoes; 32...",,"[2] [회수]캐나다 Tristar Products Inc. & Spectrum Brands Canada, Inc., 열상 및 섭취 위험으로 중국산 착즙기 회수 - 최초 발표 일자: 2023-06-01 (최신 업데이트 일자: 2023-06-01)- 유통지역: 미국 및 캐나다(2020년 9월부터 2022년 8월까지 판매됨)- 회수사: ▲Tristar Products Inc. 및 ▲Spectrum Brands Canada, Inc.- 제품명1) SHL90-SC. UPC: 7-52356-83138-72) SHL96. UPC: 7-52356-83...",,"[3] [회수]캐나다 D Way Foods Inc., 알레르기 유발물질 계란 및 밀 미표시로 게맛살 회수 -최초 발표 일자: 2023-06-19 (최신 업데이트 일자: 2023-06-02)-판매지역 : 캐나다 British Columbia-제품정보 : 브랜드; 제품; 크기; 코드; UPCMiyako; Shredded Crab Meat; 12 x 2.5 lbs; Lot #: JUN/06/23 JUN/20/23 MAY/08/23; 10720182014851-회수사 : D Way Foods Inc.-회수사유 : 알레르기 유발물질 계란 및 밀 미...",,"[4] [회수]캐나다 7-Eleven Canada, Inc., 살모넬라 오염으로 조각 멜론(캔털루프) 회수 - 최초 발표 일자: 2023-11-30(최신 업데이트 일자: 2023-11-30)- 유통지역: 캐나다 Manitoba- 회수사: 7-Eleven Canada, Inc.- 제품명: Mixed Melon Chunks(브랜드 없음: 사이즈: 199 g, UPC: 4 21401 02179 9, best before dates: DE 06 포함한 날짜까지 전부) - 회수사유: 살모넬라 오염- 제품사진: 원문 참조- 기타: 캐나다 식품검사청의...",,"[5] [회수]캐나다 Evergreen International Foodstuffs Ltd., 대장균 오염으로 굴 회수 - 최초 발표 일자: 2023-06-10 (최신 업데이트 일자: 2023-06-01)- 유통지역: 캐나다 British Columbia- 회수사: Evergreen International Foodstuffs Ltd.- 제품정보: 브랜드; 제품; 크기; 코드; UPC Goose Point Oysters; Pacific Oysters; Jumbo Dozen; Lot #22402; 없음- 회수사유: 대장균(generic E....",,,,,,,,,,,
이탈리아에서 수출한 신선 여름 송로버섯의 카드뮴 함량은 얼마인가?,이탈리아에서 수출한 신선 여름 송로버섯의 카드뮴 함량은 3 mg/kg (첫 번째 정보) 또는 4 mg/kg (두 번째 정보) 입니다. 핵심적으로 두 경우 모두 규정 기준치인 2 mg/kg을 초과합니다.,"[1] 대만, 이탈리아에서 수출한 '송로버섯' 중금속 함량 규정 부적합 -검사 방법: 위생복지부 2020.07.01 제정 ""버섯류 중금속 검사방법(MOHWH0025.00)""-부적합 사유: 카드뮴 3 mg/kg-법정 제한 표준: ""식품 중 오염물질 및 독소위생표준""에 의거, 버섯류의 카드뮴 제한량은 2 mg/kg이므로, 해당 제품은 식품안전위생관리법 제17조 규정에 부적합-수출국: 이탈리아-제품명: 신선 여름 송로버섯(新鮮夏季松露)(FRESH SUMMER TRUFFLES)-제조상 또는 수출업체명(製造廠或出口商名稱): URBANI TARTUF...",,"[2] 캐나다 식품검사청, 수입 신선 파의 기생충 검사 결과 발표(2019~2020) 캐나다 식품검사청(CFIA)은 수입 신선 파(green onions) 샘플 197개를 수집하였고, 이들을 대상으로 Cyclospora cayetanensis, Cryptosporidum species 그리고 Toxoplasma gondii 존재에 대해 검사하였음. 모든 총 197개 샘플에 대해 만족스러운 결과가 나왔음. * 원문: https://inspection.canada.ca/DAM/DAM-food-aliments/STAGING/text-texte/...",,"[3] 대만, 이탈리아에서 수출한 '송로버섯' 중금속 함량 규정 부적합 -검사 방법: 위생복지부 2020.07.01 제정 ""버섯류 중금속 검사방법(MOHWH0025.00)""-부적합 사유: 카드뮴 4 mg/kg-법정 제한 표준: ""식품 중 오염물질 및 독소위생표준""에 따르면, 버섯류의 카드뮴 제한량은 2 mg/kg이므로, 해당 제품은 식품안전위생관리법 제17조 규정에 부적합-수출국: 이탈리아-제품명: 신선 송로버섯(新鮮夏季松露)(FRESH SUMMER TRUFFLES)-제조상 또는 수출업체명(製造廠或出口商名稱): URBANI TARTUFI ...",,"[4] 카타르, 인도산 냉동 수산물 수입 금지 해제 카타르는 인도산 냉동 수산물의 수입 금지를 해제함.  지난해 11월 인도산 일부 화물에서 비브리오 콜레라균(Vibrio cholera)이 검출됨에 따라, 인도산 냉동 수산물의 수입이 일시적으로 금지되었음....",,"[5] 대만, 이탈리아에서 수출한 '송로버섯' 중금속 함량 규정 부적합 -검사 방법: 위생복지부 2020.07.01 제정 ""버섯류 중금속 검사방법(MOHWH0025.00)""-부적합 사유: 카드뮴 5 mg/kg-법정 제한 표준: ""식품 중 오염물질 및 독소위생표준""에 따르면, 버섯류의 카드뮴 제한량은 2 mg/kg이므로, 해당 제품은 식품안전위생관리법 제17조 규정에 부적합-수출국: 이탈리아-제품명: 신선 송로버섯(新鮮夏季松露)(FRESH SUMMER TRUFFLES)-제조상 또는 수출업체명(製造廠或出口商名稱): URBANI TARTUFI ...",,"[6] [회수]이탈리아 보건부, 아크릴아마이드 다량 검출로 감자칩 회수 - 발표일자: 2023.6.4.- 유통지역: 이탈리아- 브랜드명: Vipa Chips- 제품명(영문명): “sweet pepper” potato chips (포장: 140g; 제품번호(lot): SP2/23; 품질유지기한: 12/25/2023)- 제조사: Pestova KPS- 회수사: - (이탈리아 보건부) - 회수사유: 아크릴아마이드 다량 검출 - 제품사진: -...",,,,,,,,,
Mrs Kirkham 치즈가 회수된 이유는 무엇인가?,Mrs Kirkham 치즈가 회수된 이유는 시가독소 생성 대장균(STEC) 오염 가능성이 있어서 입니다.,"[1] [회수]영국 Lancashire Cheese Ltd, 병원성 대장균 오염 가능성으로 치즈 회수 - 일자: 2023.12.24.- 제품명: 1) Mrs Kirkham’s Mild  Creamy Lancashire  (모든 크기, 2023년 10월 1일부터 구매한 모든 배치의 모든 소비기한(use by date))2) Mrs Kirkham’s Tasty Lancashire (모든 크기, 2023년 10월 1일부터 구매한 모든 배치의 모든 소비기한(use by date))3) Mrs Kirkham’s Mature Lancashire (모...",,"[2] [확대회수]영국 Lancashire Cheese Ltd, 병원성 대장균 오염 가능성으로 치즈 회수 2023-12-25 기수집 정보: [회수]영국 Lancashire Cheese Ltd, 병원성 대장균 오염 가능성으로 치즈 회수- 일자: 2023.12.27.- 제품명: 1) Mrs Kirkham’s Mild  Creamy Lancashire  (모든 크기, 2023년 10월 1일부터 구매한 모든 배치의 모든 소비기한(use by date))2) Mrs Kirkham’s Tasty Lancashire (모든 크기, 2023년 10월 1...",,"[3] [식중독]영국 스코틀랜드, 병원성 대장균으로 인한 치즈 회수 이후 1명 사망 - 발생 기간: 2023년 7월부터 현재까지- 발생 지역: 영국 스코틀랜드- 발생 규모: 1명 사망, 시가독소생성 대장균 감염 30명- 발생 사유: 영국 보건안전국(UKHSA)은 최근 Mrs Kirkham 치즈 일부 제품(*)이 대장균에 오염되었을 수 있으며 예방 차원에서 회수해야 한다고 경고하였음. 사망 원인이 식품 섭취 때문인지는 아직 명확하지 않음.(*) 관련 회수 정보:  [확대회수]영국 Lancashire Cheese Ltd, 병원성 대장균 오염 ...",,,,,,,,,,,,,,,
코스타리카 내 리스테리아증 감염 사례는 주로 어떤 식품과 관련이 있는가?,코스타리카 내 리스테리아증 감염 사례는 주로 유제품과 관련이 있습니다.,"[1] [연구결과]코스타리카 등 연구진, 코스타리카 내 리스테리아증 연구결과 게재... 대부분의 인체 감염 사례는 유제품과 연관돼 미국 언론 Food Safety News에 따르면, 코스타리카 내에서 리스테리아증은 통보 대상 질병이 아니기 때문에 유병률과 리스테리아 모노사이토제네스의 유형도 불확실함. 코스타리카 등의 연구진들은 2009년부터 2019년까지 16개 임상, 67개 식품, 9개 생산 환경 샘플에서 수거한 92개 (리스테리아) 분리주(isolates)의 특성을 분석하기 위해 전장유전체분석(WGS)을 사용했으며, 검사결과 48개의 ...",,"[2] 독일 연방위해평가원, 살모넬라균 감염 예방에 관한 질의 및 답변 정보 업데이트 독일 연방위해평가원(BfR)은 2023년 8월 24일 살모넬라균 감염 예방에 관한 질의 및 답변(QnA) 정보를 업데이트하였음.  독일에서 보고된 살모넬라증 사례는 2010년 이후 현재까지 확연히 감소하였음(2010년 26,960건 → 2022년 11,256건). 그러나 살모넬라균은 캠필로박터균 다음으로 가장 빈번하게 장 질환을 유발하는 박테리아임. 살모넬라균은 주로 살모넬라균에 오염된 식품을 통해 전이될 수 있으며, 제조 과정에서 살모넬라에 오염되거나 ...",,"[3] [식중독]미국 텍사스주, 식당에서의 시겔라증으로 60명 식중독 -지역: 텍사스(Texas) 주 Lavaca 카운티-발생 규모: 60건의 시겔라증 확진-발생 사유: 환자들은 Cabos San Lucas Mexican Grill에서 식사를 했다고 응답했으나 보건 당국은 특정 발병원을 밝히지 않았음. -기타: Cabos San Lucas Mexican Grill은 4일간 영업을 중단했으나 지난주 중 영업을 재개함....",,"[4] 프랑스 Foodwatch, 식용곤충에 대한 질문 및 답변(QnA) 게재    프랑스 소비자단체 '푸드워치(Foodwatch)' 소셜 네트워크 서비스(SNS)상에서 식용곤충을 둘러싼 부정확한 정보가 만연함에 따라, 식용곤충에 대한 질문 및 답변을 마련했음.   질문은 다음과 같음. Q. 곤충 섭취는 유럽에서 허용되었나? Q. 어떤 식품에 곤충이 첨가될 수 있나Q. 우발적으로 곤충을 섭취하게 될 위험이 있는가? 곤충 관련 정보가 라벨에 표시될 예정인가Q. 식용곤충과 관련하여 어떤 위험이 있을 수 있는가? 특히 알레르기 반응 등Q. 곤충...",,"[5] 핀란드 식품청, 2022년 식중독 보고서 공개... 작년 가장 흔한 발병원은 노로바이러스로 밝혀져 미국 언론 Food Safety News에 따르면, 핀란드 식품청(Ruokavirasto)은 2022년 식중독 보고서를 통해 작년 총 55건의 식품 매개 질병이 기록되었으며, 이와 관련하여 622명의 환자가 발생했다고 발표하였음. 작년 가장 흔한 발병원은 노로바이러스로 밝혀졌으며, 샐러드와 관련된 발병으로 70명 이상이 식중독을 보고하는 등 노로바이러스로 인해 총 16건의 식중독과 248명의 환자가 발생하였음.  ...",,,,,,,,,,,
쓰촨 촨라오라오 식품 과학기술유한공사의 식용 식물 혼합유에서 검출된 부적합 물질은 무엇인가?,쓰촨 촨라오라오 식품 과학기술유한공사의 식용 식물 혼합유에서 검출된 부적합 물질은 에틸 말톨(Ethyl Maltol)입니다. 검출량은 126μg/kg으로 사용해서는 안 되는 기준을 초과했습니다.,"[1] 중국 윈난성 시장감독관리국, 에틸 말톨 사용기준 위반으로 식용유지류 부적합 윈난(云南)성 시장감독관리국, 2023년 제50기 식품안전 샘플검사 정보 - 생산기업: 쓰촨(SiChuan:四川) 촨라오라오 식품 과학기술유한공사(ChuanLaoLao:川姥姥食品科技有限公司)- 식품명: 식용 식물 혼합유(食用植物调和油)- 규격: 60ml/병- 상표: /- 생산일자/로트번호: 2022년 8월 31일- 부적합항목║검사결과║기준치: 에틸 말톨(Ethyl Maltol)║126µg/kg║사용해서는 안 됨 (*기타 원문 참조)...",,"[2] 대만 롄장현 위생국, 매실 가공품 표시 부적합 대만 롄장현 위생국, 2023년 설 명절 식품 샘플 검사 결과, 샘플 3건 표시 부적합 - 샘플명: 천피메이(ChenPiMei:陳皮梅/매실 가공품)- 공급업체: JIA-HER FOOD CO., LTD.(嘉禾食品股份有限公司)- 부적합 사유: 제품에서 이산화황이 검출되지 않았으나, 제품 외포장에 아황산나트륨 함유로 표시되어 있음...",,"[3] 중국 신장생산건설병단 시장감독관리국, 과산화물가 기준 초과로 식용유지류 부적합(1) 신장(新疆)생산건설병단 시장감독관리국, 부적합 식품 통보(2023년 제9기) - 생산기업: 우루무치(WuLuMuQi:乌鲁木齐) 스지 신유지 과학기술 유한공사(ShiJie:世纪新油脂科技有限公司)- 식품명: 유채씨 청향형 식용식물혼합유(菜籽清香型食用植物调和油)- 규격: 5L/통- 상표: /- 생산일자/로트번호: 2023년 4월 27일- 부적합항목║검사결과║기준치: 과산화물가||0.45g/100g||0.20g/100g(*기타 원문 참조)...",,"[4] 중국 농업농촌부, 잔류농약 검출로 배추 부적합  농업농촌부, 감독 및 샘플검사에서 발견된 문제 농산물 15건 상황 공고3대 농산물(재배업 제품, 가축·가금제품, 수산품) 샘플 2,771건 중 15건 부적합 <제품 정보(1)>- 생산자 : 산둥(山东)성 웨이팡(潍坊)시 린취(临朐)현 쉬우(XuWu:许武) 재배농- 제품 : 일반 배추(普通白菜)- 부적합 사유 : 농약 클로르피리포스 검출 (기준 : 사용금지)...",,"[5] 중국 충칭시 시장감독관리국, 과산화물가 기준 초과로 식물혼합유 부적합 충칭(重庆)시 시장감독관리국, 2023년 제9호 식품안전 샘플검사 부적합 식품 공고- 생산기업: 충칭(ChongQing:重庆)시 푸파이 식품 유한공사(FuPai:福牌食品有限公司)- 식품명: 식용 식물혼합유(食用植物调和油)- 규격: 65ml/병- 상표: 솽칭(ShuangQing:双庆)- 생산일자/로트번호: 2022년 7월 2일- 부적합항목║검사결과║기준치: 과산화물가║0.30g/100g║≤0.25g/100g(*기타 원문 참조)...",,"[6] 대만 식약서, 동물용의약품 검출로 '농어류' 부적합 식약서는 지방 정부 위생국과 공동으로 '2022년 수산가공식품 제조업체 특별점검'을 실시함. 수산 원료 또는 완제품 샘플 115건을 검사했으며, 1건이 부적합 판정을 받음.   <부적합 샘플 정보>- 샘플명: 농어류(山泉鱸)- 공장/제조장소 명칭: GENUINE DIETARY SUPPLEMENTATION CO., LTD.(真食補生技有限公司)- 부적합 사유: 잔류 동물용의약품 함량 부적합(*설파디아진(Sulfadiazine) 0.02ppm 검출, 규정에 의거 수산물에 사용 불가)(*...",,,,,,,,,
베트남 하노이 시장관리국은 어떤 불법 행위를 적발했는가?,"베트남 하노이 시장관리국은 기능성식품 제조 시설을 적발하여 유명 기능성식품 브랜드를 위조하고 있던 불법 행위를 찾아냈습니다. 이 시설은 이전에 양계장이었으나, 점검 당시에는 위조 기능성식품과 화장품을 제조하고 있었습니다.","[1] 베트남 하노이 시장관리국, 불법 기능성식품 제조 시설 적발 베트남 하노이 시장관리국(산업통상부)는 최근 경찰과 협조하여 기능성식품 제조 시설을 적발했음. 당국은 영업시설  N.V.T(주소: thôn Phượng Nghĩa, xã Phụng Châu, huyện Chương Mỹ, TP. Hà Nội)를 점검하여 유명 기능성식품 브랜드(Blackmores 등)를 위조하고 있는 것을 발견했음. 해당 시설은 이전에 양계장이었으나, 점검 당시에는 기능성식품, 화장품 영업.제조시설로 사용하고 있었음. 시장관리팀은 12월 27일 오전까지 위반...",,"[2] 베트남 하노이, 식품안전 위반시설 10, 240곳 발견 베트남 하노이시 보건청 부청장(Vũ Cao Cương)은 11월 28일, 식품안전운영위원회 온라인 회의 간 도시 전체에 식품영업, 가공, 제조 시설이 76,807곳이 있다고 밝혔음. 그중 10,240곳이 식품안전 위반으로 발견되고, 6,578곳이 처벌됐다고 덧붙였음....",,"[3] 베트남 교통부, 국경 지역으로 들어오는 불법 가금류 운송 및 판매에 대해 통제 강화 *기수집정보: 베트남 총리, 불법으로 판매 및 운송되는 가금류에 대해 엄격히 처리 요청(2023-05-19) 베트남 교통부는 국경을 통과하여 베트남으로 들어오는 가금류 및 가금류 제품을 불법 거래하고 운송하는 행위에 대해 통제를 강화하도록 관련 당국에 공문 요청했음. 동시에 도로, 철도, 해상 및 항공에 대한 정기 검사 및 통제를 강화하고, 국경을 넘어 불법 운송하는 행위를 신속히 적발하고 엄격히 처리하도록 했음. (*)자세한 내용은 원문참조...",,"[4] 베트남 하노이, 시장유통 증명서가 없는 비위생적인 냉동식품 발견 베트남 하노이 시장관리팀은 1월 17일, 관내의 Thế Minh 유한책임회사(Công ty TNHH tích hợp hệ thống Thế Minh)의 영업지점을 점검하고, 시장 유통증명서가 없는 중국산 ‘Frozen Mackerel’ 라벨의 전갱이(cá nục), ‘plaice’ 라벨의 미꾸라지(cá chim)를 발견하여 일시 압수했음....",,"[5] 프랑스 Foodwatch, 식용곤충에 대한 질문 및 답변(QnA) 게재    프랑스 소비자단체 '푸드워치(Foodwatch)' 소셜 네트워크 서비스(SNS)상에서 식용곤충을 둘러싼 부정확한 정보가 만연함에 따라, 식용곤충에 대한 질문 및 답변을 마련했음.   질문은 다음과 같음. Q. 곤충 섭취는 유럽에서 허용되었나? Q. 어떤 식품에 곤충이 첨가될 수 있나Q. 우발적으로 곤충을 섭취하게 될 위험이 있는가? 곤충 관련 정보가 라벨에 표시될 예정인가Q. 식용곤충과 관련하여 어떤 위험이 있을 수 있는가? 특히 알레르기 반응 등Q. 곤충...",,,,,,,,,,,
일본 농림수산성이 칠레산 가금육 등의 수입중지 조치를 해제한 이유는 무엇인가?,"일본 농림수산성은 칠레 가축위생당국으로부터 제공된 정보에 따라 칠레의 고병원성 조류인플루엔자 청정성을 확인하였기에, 칠레로부터의 가금육 등의 일시 수입중지 조치를 해제하였습니다. 이 조치는 일본 내 가금류의 바이러스 감염을 방지하기 위한 것입니다.","[1] 일본 농림수산성, 칠레로부터 가금육 등의 일시 수입중지 조치 해제 일본 농림수산성은 12월 26일에 칠레로부터 가금육 등의 일시 수입중지 조치를 해제하였음을 발표함. 1.경위칠레의 가금사육시설에서 고병원성 조류인플루엔자의 발생이 확인되었으므로 2023년 3월 이후, 해당 국가로부터 가금육 등에 대한 수입을 일시중지하였음.  (참고) 살아 있는 가금에 대해서는 양국 간에 수입 조건이 설정되어 있지 않기 때문에 이전부터 수입할 수 없음. 2.대응이번에 칠레 가축위생당국으로부터 일본에 제공한 조류인플루엔자 방역조치 등의 정보에 의하여 해...",,"[2] 일본 농림수산성, 브라질로부터 살아 있는 가금, 가금육 등의 일시 수입중지 조치  일본 농림수산성은 6월 28일에 브라질 이스피리투산투주(Estado do Espírito Santo)로부터 살아 있는 가금, 가금육 등의 일시 수입중지 조치를 강구하였다고 발표함.브라질 이스피리투산투주의 가금사육시설에서 고병원성 조류인플루엔자(H5N1아형)의 발생이 확인되었다는 브라질 가축위생당국으로부터 정보제공이 있었음.이에 동 질병의 일본 침입 방지에 만전을 기하기 위하여 6월 28일에 이스피리투산투주로부터 살아 있는 가금, 가금육 등의 수입을 일...",,"[3] 일본 농림수산성 동물검역소, 칠레로부터 가금육 등의 일시 수입중지 해제 일본 농림수산성 동물검역소는 12월 26일, 칠레로부터 다음과 같이(대상품목: 대상지역; 해제조치 연월일(*)) 가금육 등의 일시 수입중지가 해제되었음을 알림.  <칠레>-가금육, 가금란 등(**): Whole area of Chile; 2023년 12월 26일 (*)살아 있는 가금, 가금육 등의 수입중지조치 및 수입해제조치에 대해서: https://www.maff.go.jp/aqs/topix/im/hpai.html(**)(1) 가금육, 장기 및 이들 가공품 (...",,"[4] 일본 농림수산성, 스페인으로부터 가금육 등의 일시 수입중지 조치 해제 일본 농림수산성은 6월 8일, 스페인의 조류인플루엔자 청정성이 확인됨에 따라 스페인으로부터의 가금육 등의 일시 수입중지 조치를 해제하였다고 발표함.이번에 스페인 가축위생당국으로부터 일본에 제공된 조류인플루엔자 방역조치 등의 정보에 따라 스페인산 가금에서 동 질병의 청정성을 확인하였음. 이에 따라 6월 8일자로 해당 일시 수입중지 조치(※)를 해제하였음.※발생국 또는 지역으로부터 살아있는 가금, 가금육 등, 가금란 등의 수입을 중지하는 것은 일본에서 사육 중인 살아...",,"[5] 러시아, 브라질산 쇠고기 임시 수입 금지 해제 브라질 정부의 금요일(4.7) 발표에 따르면, 러시아가 비정형 소해면상뇌증(BSE) 발생으로 3월 1일부터 중단하였던 브라질산 쇠고기 수입을 재개함....",,,,,,,,,,,
최근 세계동물보건기구(WOAH)가 보고한 고병원성 조류인플루엔자(H5N1) 발생 현황은 어떠한가?,"최근 세계동물보건기구(WOAH)가 보고한 고병원성 조류인플루엔자(H5N1) 발생 현황은 다음과 같습니다:

- **네덜란드**: 2023년 7월 24일 최초 발생 보고 이후 진행 중이며, 의심 사례는 10,968건, 감염 사례는 150건, 폐사는 100건, 살처분은 10,868건으로 보고되었습니다.
- **영국**: 2022년 9월 25일 최초 발생 보고 이후 진행 중이며, 의심 사례는 약 5,585,193건, 감염 사례는 약 310,373건, 폐사는 약 116,061건, 살처분은 약 5,469,105건으로 보고되었습니다.
- **싱가포르**: 
  - **스웨덴**: 2023년 3월 21일부터 스웨덴산 가금류 및 가금생산물의 수입을 일시적으로 제한함. 열처리 제품은 제외됨.
  - **스위스**: 2023년 3월 22일부터 스위스산 가금류 및 가금생산물의 수입을 일시적으로 제한함. 열처리 제품은 제외됨.
- **이탈리아**:","[1] FAO/WHO/WOAH, 전세계 조류인플루엔자 동물감염 확산 상황에서 예방 촉구 현재 조류인플루엔자 발생으로 동물 개체, 특히 가금류, 야생조류, 일부 포유류가 큰 피해를 입었으며, 농업인의 생계 및 식품 거래도 타격을 받음. 조류인플루엔자는 주로 동물에게 영향을 미치나 사람에게도 지속적으로 위험을 초래함.  이에 따라 유엔식량농업기구(FAO), 세계보건기구(WHO), 세계동물보건기구(WOAH)은 가능한 한 많은 동물을 구하고 사람을 보호하기 위해 각국이 다양한 분야에서 협력하도록 촉구함.   2022년에 5대륙 67개국이 가금류 ...",,"[2] 세계동물보건기구, 고병원성 조류 인플루엔자 동물 감염 현황(10.10) 1. 네덜란드, H5N1 (후속보고서 1) - 최초발생일: 2023.7.24 - 발생보고일: 2023.10.10 - 발생규모(가금류): 의심10968건, 감염150건, 폐사100건, 살처분10868건, 도축0건 - 기타: 진행형이며, 추후 보고가 제출될 예정 - 원문: https://wahis.woah.org/#/in-review/5148...",,"[3] 싱가포르 식품청, 스웨덴  내 H5N1형 고병원성 조류독감 발생 관련 가금류 및 가금생산물 일시적 수입  제한 4월 4일, 싱가포르 식품청(SFA)은 스웨덴 내 고병원성 조류인플루엔자 발생과 관련한 2023년 4월 3일 자 무역 안내문을 게시하였음.   스웨덴은 케블링에(Kävlinge)시에서 고병원성 조류인플루엔자가 발생했음을 보고하였음. 싱가포르 국립공원청(NParks) 및 동물수의청(AVS)은 2023년 3월 21일부터 스웨덴산 가금류 및 가금생산물(알류 포함) 일시 수입 제한을 실시함. 조류인플루엔자 바이러스 비활성화를 위해...",,"[4] 세계동물보건기구, 고병원성 조류 인플루엔자 동물 감염 현황(8.4) 1. 영국, H5N1 (후속보고서 43) - 최초발생일: 2022.9.25 - 발생보고일: 2023.8.4 - 발생규모(가금류): 의심5585193건, 감염310373건, 폐사116061건, 살처분5469105건, 도축0건 - 기타: 진행형이며, 추후 보고가 제출될 예정 - 원문: https://wahis.woah.org/#/in-review/4644...",,"[5] 싱가포르 식품청, 스위스 내 H5N1형 고병원성 조류독감 발생 관련 가금류 및 가금생산물 일시적 수입 제한 4월 4일, 싱가포르 식품청(SFA)은 스위스 내 고병원성 조류인플루엔자 발생과 관련한 2023년 4월 3일 자 무역 안내문을 게시하였음.   스위스는 취리히 주(Canton of Zürich)의 가금류에서 고병원성 조류인플루엔자(HPAI)가 발생했음을 보고하였음. 싱가포르 국립공원청(NParks) 및 동물수의청(AVS)은 2023년 3월 22일부터 스위스산 가금류 및 가금생산물 일시 수입 제한을 실시함. 조류인플루엔자 바이러...",,"[6] 세계동물보건기구, 고병원성 조류 인플루엔자 동물 감염 현황(8.23) 1. 이탈리아, H5N1 (후속보고서 20) - 최초발생일: 2023.6.6 - 발생보고일: 2023.8.23 - 발생규모(가금류): 의심1105307건, 감염4559건, 폐사888건, 살처분1104419건, 도축-건 - 기타: 진행형이며, 추후 보고가 제출될 예정 - 원문: https://wahis.woah.org/#/in-review/4953...",,,,,,,,,
칠레에서 보고된 조류인플루엔자 A(H5) 인체 감염 사례의 주요 내용은 무엇인가?,"칠레에서 처음으로 보고된 조류인플루엔자 A(H5) 인체 감염 사례는 53세 남성으로, 발생 지역은 안토파가스타입니다. 현재까지 이 감염은 사람 간의 전염 증거는 없으며, 바이러스 노출 사례 확인 등 발병 조사가 진행 중입니다. 최근 칠레에서는 고병원성조류인플루엔자(HPAI) A(H5N1)가 동물들 사이에서 발생한 전례 없는 사례들이 보고되었습니다.","[1] 세계보건기구, 칠레 조류인플루엔자 A(H5) 인체 감염 사례에 관하여 2023년 3월 29일 칠레 보건부는 조류인플루엔자 A(H5) 바이러스 감염 확진자 1명(53세 남성, 안토파가스타)에 대해 세계보건기구(WHO)에 보고하였음. 칠레에서 조류인플루엔자 A(H5) 바이러스가 인간에게 감염된 것은 이번이 처음이며, 현재까지 미주지역에서 감염사례는 세 번 보고되었음.  현재 동 질병이 사람을 통하여 감염되었다는 증거는 없으며, 바이러스 노출 사례 확인 등 발병 조사가 진행 중임.  칠레에서 최근 몇 달 동안, 고병원성조류인플루엔자(HP...",,"[2] 유럽질병예방통제센터, 주간 전염병 보고서 발표... 조류 인플루엔자 등 유럽질병예방통제센터(ECDC)는 2023년 6월 2일 22주차(2023년 5월 28일~6월 3일) 주간 전염병 위험 보고서(CDTR, Communicable disease threats report)(*)를 발표함.    (* 일부 발췌) △ 조류 인플루엔자 A(H9N2) - 다국가(세계) - 인체 감염 사례 모니터링- 조류 인플루엔자 A(H9N2)의 새로운 인체 감염 사례가 중국에서 보고되었으며, 1998년 이래 총 124건의 사례가 보고되었고 이중 2명이 사...",,"[3] 유럽질병예방통제센터, 2022년 인수공통 인플루엔자 연례 역학보고서 게재 유럽질병예방통제센터(ECDC)는 2022년의 인수공통 인플루엔자(Zoonotic influenza) 연례 역학보고서(*)를 게재하였음.- 2022년 조류 인풀루엔자 바이러스 A(H3N8), A(H5N1), A(H5N6), A(H9N2) 및 A(H10N3)의 산발적 인체 감염이 전세계에서 보고됨- 고병원성 조류 인플루엔자 바이러스의 발병 및 검출(주로 A(H5N1))은 전세계적으로 가금류, 야생 및 사육 조류에 영향을 미침- 2022년 돼지 유래 인플루엔자 바이...",,"[4] 유럽질병예방통제센터, 주간 전염병 보고서 발표... 돼지 인플루엔자 인체감염 등 유럽질병예방통제센터(ECDC)는 2023년 9월 29일 39주차(2023년 9월 24일~30일) 주간 전염병 위험 보고서(CDTR, Communicable disease threats report)(*)를 발표함.    (* 일부 발췌) △ 조류 인플루엔자 A(H9N2) - 다국가(전세계) - 인체감염 모니터링- 중국에서 조류 인플루엔자9 A(H9)의 새로운 사례가 보고되었으며, 동 사례는 쓰촨성 4세 여아에게서 발생함. 증상은 2023년 8월 7일 발...",,,,,,,,,,,,,
스위스 연방평의회는 화학물질 및 폐기물 협약 강화와 관련하여 어떤 조치를 취하고 있는가?,"스위스 연방평의회는 화학물질 및 폐기물 협약 강화를 위해 타 국가와 협력하여 협약 부속서에 새로운 화학물질을 등재하는 과정을 진행 중입니다. 특히 농약에 사용되는 이프로디온과 터부포스가 협약 부속서에 포함될 예정이며, 이로 인해 2024년 이후 해당 물질을 함유한 농약의 수출은 수입국의 사전 동의 없이 금지될 예정입니다. 또한 스톡홀름 협약에 따라 환경에 유해한 물질들을 협약 목록에 포함시키기 위한 노력도 병행 중입니다.","[1] 스위스 연방평의회, 화학물질 및 폐기물 협약 강화 지지 표명... 2가지 농약 활성물질이 협약 적용 대상 물질로 등재될 것 스위스 연방평의회는 2023년 4월 5일 화학물질 및 폐기물 협약 강화에 대한 지지를 표명함.  △잔류성유기오염물질 관련 '스톡홀름 협약', △유해 화학물질의 국제 거래 관련 정보 의무 관련 '로테르담 협약' 및 △유해 폐기물 수출 관련 '바젤 협약'의 회원국들은 2023년 5월 1일부터 12일까지 제네바에서 회의를 개최할 예정임. 스위스 대표단은 로테르담 협약을 강화하기 위해 타 국가와 협력할 것이라 발표함....",,"[2] 스위스, 동물성 식품 내 과불화화합물 제한 관련 입법 절차 진행 중... 2024년 이후 적용 예상 스위스 언론 SRF이 스위스 연방식품안전수의약청(BVL)의 식품위생 관련 공무원 Mark Stauber와 진행한 인터뷰에 따르면, 식품 중 잠재적으로 건강에 유해하며 분해되지 않는 화학물질인 과불화화합물(PFAS) 관련 스위스 연방정부는 동물성 식품에 대해 새로운 법적 한계를 설정하는 입법 과정 중에 있으며, 2024년 이후 동 식품군에 대한 PFAS 한계수준을 적용할 것으로 예상함....",,"[3] 프랑스 Foodwatch, 식용곤충에 대한 질문 및 답변(QnA) 게재    프랑스 소비자단체 '푸드워치(Foodwatch)' 소셜 네트워크 서비스(SNS)상에서 식용곤충을 둘러싼 부정확한 정보가 만연함에 따라, 식용곤충에 대한 질문 및 답변을 마련했음.   질문은 다음과 같음. Q. 곤충 섭취는 유럽에서 허용되었나? Q. 어떤 식품에 곤충이 첨가될 수 있나Q. 우발적으로 곤충을 섭취하게 될 위험이 있는가? 곤충 관련 정보가 라벨에 표시될 예정인가Q. 식용곤충과 관련하여 어떤 위험이 있을 수 있는가? 특히 알레르기 반응 등Q. 곤충...",,"[4] 스위스 연방정부, 건강하고 균형잡힌 식단 섭취 등에 관한 농식품 기후전략 2050 발표 스위스 연방정부는 2023년 9월 5일 농식품 기후전략 2050을 발표하였으며(*), 이를 통해 농업 및 식품 부문을 기후 변화에 적응시키고 온실가스를 줄이기 위한 조치를 추진하고자 함.  동 전략은 2050년까지 달성해야 할 세 가지 목표에 초점을 맞추고 있으며, 그중 하나는 다음과 같음.  - 건강하고 균형잡힌 식단 섭취 (*) 스위스 연방농림청(BLW) 기후전략 웹페이지: https://www.blw.admin.ch/blw/de/home/n...",,"[5] 유엔식량농업기구, '코덱스 규격이 식품매개 항생제 내성 해결에 어떤 도움이 되는가' 브로슈어 발간 유엔 식량농업기구(FAO)는 '코덱스 규격이 식품매개 항생제 내성 해결에 어떤 도움이 되는가'(*) 브로슈어를 발간하여, 코덱스 규격이 식품매개 항생제 내성(AMR) 해결에 있어서 어떤 역할을 하는지 설명함. 브로슈어는 식품매개 AMR에 대해 특별히 코덱스가 개발한 아래 세 가지 핵심 텍스트를 설명함: 1) 식품매개 항생제내성 위험 분석 가이드라인(CXG 77-2011): 각국은 자국 상황에 맞게 문제를 파악하고, 우선순위를 설정하고,...",,"[6] 독일 및 유럽 4개국, 유럽화학물질청에 과불화화합물(PFAS) 제한을 요청하는 공동 제안서 제출 독일 연방환경청(umweltbundesamt, UBA), 연방산업안전보건청(BAuA), 연방위해평가원(BfR)과 네덜란드, 덴마크, 노르웨이 및 스웨덴 당국은 유럽연합(EU) 화학물질 등록, 평가, 허가 및 제한 규정(REACH)에 따라 의류, 식기류, 식품 포장 등에 사용되는 PFAS 제한을 요청하는 공동 제안서를 유럽화학물질청(ECHA)에 제출하였음.   ECHA의 동 공동 제안서 관련 발표 및 유럽 5개국 관할 기관의 제안서 관련 ...",,,,,,,,,
벨기에 연방보건부는 아스파탐의 1일허용섭취량(ADI)을 변경하지 않은 이유는 무엇인가?,"벨기에 연방보건부는 국제암연구소(IARC)와 국제식량농업기구/세계보건기구 합동 식품첨가물전문가위원회(JECFA)의 평가 결과를 바탕으로 아스파탐의 건강 위험성이 입증되지 않았다고 판단하여, 아스파탐의 1일 허용 섭취량(ADI)을 유지하기로 결정했습니다. 즉, 현재의 ADI 범위 내에서는 안전하다는 결론을 내렸기 때문입니다.","[1] 벨기에 연방보건부, 아스파탐의 1일허용섭취량 유지 벨기에 연방보건부(SPF)는 국제암연구소(IARC)와 국제식량농업기구/세계보건기구 합동 식품첨가물전문가위원회(JECFA)가 아스파탐이 건강에 미치는 영향에 대한 평가 결과를 최근 발표했으며, 아스파탐 사용에 관한 승인 또는 조건을 검토할 이유가 없다고 밝힘.  아스파탐 사용 승인 및 조건은 유럽집행위원회가 유럽연합(EU) 회원국들과의 협의를 통해 규제하며, 유럽식품안전청(EFSA)은 EU에서 관련 위해평가를 담당함. EFSA가 아스파탐의 1일섭취허용량(ADI, Acceptable D...",,"[2] 대만 식약서, 아스파탐 발암가능물질 분류...현행 제한량 규범 유지 세계보건기구(WHO)는 금일(14일), 인공감미료 '아스파탐'을 '발암가능물질'로 분류하며, 다만 일일섭취허용량(ADI)은 조정하지 않는다고 발표함. 린진푸(林金富) 위생복지부 식품약물관리서 부서장은 이날 오후 열린 기자회견에서 ""대만은 상기 의제, 아스파탐에 대한 국제적인 안전성 평가와 관리 동향을 지속적으로 주시할 것이며, 당분간 사용범위 및 제한량 규범을 수정하지 않을 것""이라고 언급함....",,"[3] 독일 연방위해평가원, 식품 중 감미료 관련 질의 및 답변 정보 업데이트 독일 연방위해평가원(BfR)은 2023년 7월 14일 식품 중 감미료에 대한 질의 및 답변 정보를 업데이트하였으며, 그중 일부 질문의 대한 답변은 다음과 같았음.  [질문 목록] 1. 현재 유럽에서 허용되는 감미료는 무엇인가2. 설탕대체성분과 감미료의 차이는 무엇인가3. 감미료의 건강 안전성은 어떻게 보장되는가 4. 감미료에 대한 건강 평가는 업데이트되는가5. 청량음료 내에는 얼마나 많은 감미료가 첨가되는가 6. 여러 감미료를 혼합하면 인체 건강에 위험한가7. ...",,"[4] 사우디아라비아 식품의약품청, 인공 감미료 아스파탐에 대한 우려 없어 사우디아라비아 식품의약품청(SFDA)은 인공 감미료 아스파탐에 대한 우려가 없다고 함. SFDA는 IARC의 분류(2B)가 인간과 실험동물에 암을 유발한다는 과학적 증거가 불충분함을 의미한다고 함. SFDA는 FAO/WHO 합동 식품첨가물 전문가위원회(JECFA)가 이전에 설정된 아스파탐의 일일 허용 섭취량(ADI) 0–40mg/kgbw을 변경할 사유가 없다고 아스파탐 최종 결과 요약 보고서에서 공식화했다고 밝힘. SFDA는 지난 몇 년간 아스파탐의 안전성에 대한 ...",,"[5] 호주 연방의료제품청, 의약품성분 실데나필 함유로 'Germany Niubian' 경고 - 경고일시: 2023.6.8- 제품명: Germany Niubian tablets- 사유: 의약품성분 실데나필(sildenafil) 함유 - 기타: 해당 성분을 함유한 제품을 공급하는 행위는 불법임. 당국은 호주 법률에서 요구하는 품질, 안전성, 효능성을 평가한 적이 없으며, 제조사 또한 청의 승인을 받지 않았음. - 제품 사진: 원문 참조...",,,,,,,,,,,
"미국 연구진의 연구에 따르면, 카드뮴 식이 노출이 가장 높은 연령대와 주요 노출 식품은 무엇인가?","미국 연구진의 연구 결과에 따르면, 카드뮴 식이 노출이 가장 높은 연령대는 24~60개월의 어린이이며, 주요 노출 식품은 시금치입니다. 특히 연구에서는 유아와 어린이를 포함한 다양한 연령대에서 쌀과 시금치로부터 카드뮴에 노출되는 정도를 평가하였으며, 이 중 시금치로부터의 카드뮴 노출이 가장 높게 나타났습니다.","[1] [연구결과]미국 연구진, 미국 인구 중 2-5세의 어린이는 식품 중 카드뮴에 가장 많이 노출되어 있어 식품을 통한 독성 중금속의 섭취를 저감하고자 하는 미국 식품의약품청(FDA)의 ‘Closer to Zero’ 이니셔티브의 지지를 받아, 미국 미시간주립대학교(Michigan State University)의 연구진은 미국 인구의 카드뮴 식이 노출을 추정하기 위한 위해도 평가를 수행함. 연구 결과에 따르면, 6~24개월과 24~60개월의 어린이들은 카드뮴에 가장 많이 노출된 인구집단으로 밝혀졌으며 이는 규제 기관이 설정한 지침들과 비...",,"[2] [연구결과]미국 연구진, 과불화화합물은 주요 생물학적 과정을 방해해 미국 서던캘리포니아 Keck 의대(Keck School of Medicine of USC) 연구진은 환경 속 과불화화합물(PFAS)에 대한 노출이 어린이와 젊은 성인 모두의 지방 및 아미노산 대사를 포함한 주요 생물학적 과정을 변화시킨다는 연구 결과(*)를 발표했음. 이는 발달 장애, 심혈관 질환, 대사 질환, 많은 유형의 암을 포함하여 광범위한 질병 위험 증가와 관련이 있음. 개별 PFAS가 여러 질병 위험을 증가시킨다는 것은 알려져 있었지만, 여러 PFAS 조합...",,"[3] 뉴질랜드 일차산업부, 아스파탐에 관한 질의 및 응답 문서 게재  뉴질랜드 일차산업부(MPI)는 세계보건기구(WHO)의 아스파탐 평가와 관련하여 질의 및 응답 문서를 작성하였으며, 주요 내용은 아래와 같음. 7.14일 발표된 IARC와 JECFA 보고서에 따르면, 아스파탐을 적당량 섭취할 경우 인간에게 부정적인 영향을 미치는 확실한 증거를 찾지 못하는 것으로 나타남. 이는 아스파탐의 안전하지 않은 수준으로 간주되는 수준은 호주뉴질랜드 식품기코드(Food Standards Code)에서 허용하고 있는 양보다 훨씬 높은 수준이라는 것을 ...",,"[4] 독일 연방위해평가원,  환경과 식품 내  과불화화합물(PFAS) 관련 질의 및 답변 정보 게재 독일 연방위해평가원(BfR)은 2023년 6월 16일 환경과 식품 내 과불화화합물(PFAS) 관련 질의 및 답변 정보를 게재함.  - 과불화화합물(PFAS)은 열에 강한 특징이 있는 화학물질로 수많은 산업 공정 및 소비재 (일회용 종이컵의 방수코팅제, 가죽과 자동차의 표면처리제 등)에 사용되는 대규모 산업용 화학물질임.- 과불화화합물(PFAS)의 하위 그룹 물질인 과불화옥탄산(PFOA)과 과불화옥탄술폰산(PFOS)은 과불화화합물(PFAS)...",,"[5] 독일영양협회, 초가공식품 섭취와 식단 관련 질병 연구 현황에 대한 분석 보고서 게재 독일 연방영양센터(BZfE)에 따르면, 독일영양협회(DGE)는 최근 초가공식품 섭취와 식단 관련 질병 연구 현황에 대한 분석 보고서(*)를 게재하였으며, 초가공식품 섭취가 과체중, 심혈관 질환 위험을 높인다고 발표하였음.  국가섭취연구(DE: Nationalen Verzehrsstudie) II의 계산에 따르면 2000년대 초반 성인의 총 에너지 섭취량 중 대략 50%가 초가공식품에서 유래한 것으로 나타남. 독일영양협회(DGE)와 막스루브너연구소(M...",,,,,,,,,,,
일본 유한회사 밸런스가 마들렌 제품을 회수한 이유와 해당 제품의 판매 정보는 무엇인가?,"일본 유한회사 밸런스가 마들렌 제품을 회수한 이유는 곰팡이 발생 때문입니다. 해당 제품의 판매 정보는 다음과 같습니다:

- 제품명: 마들렌 (6개입 및 10개입)
- 일시: 2023년 8월 2일 회수 시작
- 판매처: 후쿠오카 공항 국내선 하카타 지점의 DAIMARU Airport점
- 판매 기간: 2023년 7월 18일부터
- 회수 대상 수량: 33 상자","[1] [회수]일본 (유)밸런스, 곰팡이 발생으로 마들렌 회수 -일시: 2023년 8월 2일-제품명: ① 마들렌 6개입(マドレーヌ６個入) ② 마들렌 10개입(マドレーヌ10個入)-소비기한: 2023년 8월 8일-회수사유: 식품위생법 위반 우려 - 곰팡이 발생-판매처: 후쿠오카공항 국내선 하카타 DAIMARU Airport점-판매일: 2023년 7월 18일부터 판매-판매수량: 33상자-회수사: 유한회사 밸런스(有限会社バランス)-제조소 및 가공소: 유한회사 밸런스(有限会社バランス)*후생노동성 정리번호: RCL202302115...",,"[2] 마카오 시정서, '일본 MARUSAN 브랜드 두유음료 품질 문제 가능성' 관련 조기 경보 * 2023.10.31 기수집정보 ""[회수]일본 MARUSAN-AI(주), 내용액 변질로 두유 회수"" 관련 <식품정보>- 제품명: 두유음료 바나나 칼로리 50% OFF(豆乳飲料バナナ　カロリー50%オフ)- 브랜드: MARUSAN- 내용물: 1000ml- 제품코드: 4901033 630188- 섭취기한/로트번호: 상미기한 23.11.4 ~ 24.4.1 <정보출처>- 일본 소비자청( https://www.recall.caa.go.jp/result/d...",,"[3] 홍콩 환경생태국장, (일본 후쿠시마 원전오염수 방류 계획 관련)  기자회견 다음은 금일(8월 22일) 셰잔환(謝展寰) 환경생태국장의 일본 후쿠시마 원전오염수 방류 계획과 관련한 기자회견 내용임. 질문1: 이번 금지령으로 일본 식품 수입이 몇 퍼센트 금지될 것으로 추산되는가? 영향을 받는 외식업계에 대한 지원책은 없는가? 이번 금지령은 언제까지 실시될 예정인가? 방류에 필요한 시간이 10여년에서 20년이라고 가정한다면, 이들 10개 현(제품 수입)도 10~20년간 금지되는 것인가?  (환경생태국장)답변: 일본은 기본적으로 23개 현에...",,"[4] 독일 연방교육연구부, 유전체신기술(NGT) 관련 질의 및 답변 정보 게재 독일 연방교육연구부(BMBF)는 2023년 1월 26일 유전체 편집(genome-editing) 및 CRISPR/Cas9 등 유전체신기술(NGT, 독문명: 신배양기술(NZT, Neue Züchtungstechniken)) 관련 다음 5가지 질문에 대한 답변 정보를 게재하였음. ▷NGT는 무엇이며 어떻게 작동하는가  ▷NGT는 기존 배양 방식과 어떻게 다른가▷NGT는 기존 배양 방식에 비해 어떤 위험이 있는가▷NGT가 필요한 이유는 무엇인가▷NGT가 독일에서 아...",,"[5] [회수]독일 Global Foods Trading GmbH, 에틸렌옥사이드 검출로 인도 향신료 가공품 회수 - 발표일자: 2023.6.21.- 유통지역: 독일 Baden-Württemberg, Bayern, Berlin, Hessen, Niedersachsen, Rheinland-Pfalz- 제품명: Schani Garam Masala- 제품번호: L01/NA/W27 (1 kg), L01/NA/W28 (100g und 400g)- 품질유지기한 : 06/2024- 제조 및 회수사: Global Foods Trading GmbH- 회수...",,,,,,,,,,,
중국 해관총서와 농업농촌부는 터키에서 발생한 가성우역의 유입을 방지하기 위해 어떤 조치를 시행했는가?,"중국 해관총서와 농업농촌부는 터키에서 발생한 가성우역의 중국 유입을 방지하기 위해 다음의 조치를 시행했습니다:

1. 터키로부터 면양, 산양 및 그 관련 제품의 직접 또는 간접적인 수입을 금지했습니다.
2. 터키에서 온 면양, 산양 및 관련 제품의 입국 운송 또는 휴대를 금지하고, 적발 시 반송 또는 폐기 처리를 명령했습니다.
3. 터키로부터 유입된 동식물 폐기물이나 오수는 해관의 감독 하에 무해화 처리해야 하며, 임의로 폐기해서는 안 된다고 명시했습니다.
4. 불법으로 입국한 터키 출처의 면양, 산양 및 제품들은 모두 해관의 감독 하에 폐기해야 한다고 발표했습니다.
5. 규정 위반 시 해당 법률에 따라 처벌한다고 덧붙였습니다.
6. 각급 해관과 농업농촌부는 긴밀히 협력하여 검역, 방역, 감독 업무를 수행해야 한다고 강조했습니다.","[1] 중국 해관총서, 농업농촌부 공고 2023년 제191호(터키 가성우역의 중국 유입 방지에 관한 공고)  2023년 12월 8일, 터키는 자국 Aydin 지역에서 가성우역이 발생했음을 세계동물보건기구(WOAH)에 통보함. 이번 전염병과 관련된 주요 동물은 면양임. 중국 목축업 안전을 보호하고 전염병 유입을 방지하기 위하여, ""중화인민공화국 해관법"", ""중화인민공화국 수출입 동식물 검역법"" 및 그 실시조례 등 관련 법률 법규 규정에 의거하여 다음을 공고함.  1. 터키로부터 면양, 산양 및 그 관련 제품(면양 및 산양 출처의 미가공 또는...",,"[2] 태국 축산부, 이탈리아산 돼지, 멧돼지 및 도체 수입 일시적 제한 고시 태국 축산부(DLD)는 2023년 5월 8일 자 정부관보를 통해 이탈리아로부터의 돼지·멧돼지 및 그 도체의 수입을 제한함을 고시하였음.  지난 2023년 2월 6일 자 정부관보를 통해 고시하고 2023년 2월 7일부터 시행한 ""이탈리아로부터의 돼지·멧돼지 및 도체 수입 일시적 제한"" 시행은 2023년 5월 7일자로 해제함. 그러나 세계동물보건기구(WOAH)의 이탈리아 내 아프리카돼지열병(ASF)의 확산에 대한 보고가 있어 태국 내 양돈산업에 영향을 미치는 해당 ...",,"[3] 중국 해관총서.농업농촌부 공고 2023년 제99호(남아프리카 일부 지역의 구제역 금지령 해제에 관한 공고) *2022-04-04 기수집, ""중국 해관총서, 농업농촌부 공고 2022년 제30호(남아프리카의 구제역 중국 유입 방지에 관한 공고)""관련 위험분석 결과에 따라, 본 공고 발표일로부터 남아프리카공화국 일부 구역을 구제역 비전염구역으로 인정하고(지역 목록은 첨부 참조), 중국 법률·법규 요구에 부합하는 우제동물 및 그 관련 제품의 입경(국)을 허용함. '해관총서와 농업농촌부 2022년 제30호 공고인 남아프리카공화국 상기 지역의...",,"[4] 태국 축산부, 밀수입 돼지고기 소시지 경고...아프리카돼지열병(ASF) 확산 위험 있어 태국 축산부(DLD)는 수완나품 공항 동물검역소 검사검역과의 훈련견 임무 수행 활동(DLD-Quarantine and Inspection Canine unit) 보고를 통해 해외 여행객들의 여행가방에서 돼지고기 소시지를 압수하였음을 밝혔음. 이러한 활동은 아시아 지역에서 아프리카돼지열병(ASF) 확산되기 시작한 이후 2018년부터 시작된 축산부의 동물전염병의 국내 유입 방지 강화 방침에 따른 것임. 돼지에 한해 발병하는 전염병인 ASF는 다른 동...",,"[5] 중국 해관총서,  해관총서·농업농촌부 공고 2023년 제22호(아르헨티나 고병원성 조류인플루엔자의 중국 유입 방지에 관한 공고) 최근 아르헨티나 정부는 국내 가금양식장에서 H5 아형 고병원성 조류인플루엔자가 발생하였다고 세계동물보건기구(WOAH)에 통보하였음. 중국 목축업 안전을 보호하고 전염병 유입을 방지하기 위해, ""중화인민공화국 해관법"", ""중화인민공화국 수출입 동식물 검역법"" 등 관련 법률, 법규 규정에 의거하여 다음과 같이 공고함. 1. 아르헨티나로부터 가금 및 그 관련 제품(가금류 미가공 또는 가공되었으나 전염병 전파 가...",,"[6] 태국 식품의약품청-수산국, 일본산 해산물 수입 금지는 아니나 검사량 2배로 늘릴 것 태국 식품의약품청(FDA Thailand) 및 수산국은 후쿠시마 원전 폐수 방류 이후 일본산 해산물을 수입 금지하지는 않을 것이나, 식품 샘플 수집량을 2배로 늘릴 것이라고 밝혔음. 폐수 방출 이후 첫 번째 로트는 9월 중순 태국에 도착할 것으로 예상한다고 함. ...",,,,,,,,,
대만 신베이시에서 적발된 가짜 양고기 판매 사건의 주요 내용은 무엇인가?,"대만 신베이시에서 적발된 가짜 양고기 판매 사건의 핵심 내용은 다음과 같습니다: 

- 다타이페이 과채시장의 '중닝 해산물가게'와 육류 공급업체 '난타이궈지 기업사'가 가짜 양고기를 판매한 혐의로 적발되었습니다.
- 실제로는 돼지고기가 양고기로 위장되어 판매되었습니다.
- 관련 업체에 작업 중단 및 판매 금지 명령이 내려졌습니다.","[1] 베트남 하노이, 가짜 벌꿀 판매시설 적발 및 기소 처리 베트남 하노이 경찰 당국은 호아이 득(Hoài Đức) 지역에서 발견한 ‘가짜 식품 및 식품첨가물 생산, 판매’ 사건의 피고인을 기소하기로 결정했음. 이 사건은 하노이 시장관리팀에서 2023년 6월 10일, Hoa Nhãn 벌꿀 생산시설(위치: Thôn Cao Trung, xã Đức Giang, huyện Hoài Đức)을 불시 점검하여 적발됐음....",,"[2] 대만 신베이시, 돼지고기를 양고기로 둔갑...관련 업체에 작업 중단 및 판매 금지 명령 신베이시(新北) 위생국은 금일(25일), 검찰과 합동으로 가짜 양고기를 판매한 것으로 의심되는 다타이페이 과채시장(DaTaiPei:大台北果菜市場)의 '중닝 해산물가게(ZhongNing:重寧海產號)', 육류 공급업체 '난타이궈지 기업사(NanTaiGuoJi:南台國際企業社)'를 적발했음. 혼입 또는 위조 혐의로 식품안전위생관리법에 의거, 상기 2개 업체에 작업 잠정 중단 및 판매 중지를 명령함. 검경 수사에 따르면, 2020년부터 공급업체의 천(陳)...",,"[3] 싱가포르 법원, 미허가 냉장 창고 불법 운영 혐의로 1개 업체 및 대표 벌금형 선고 싱가포르 법원은 온라인 식료품점인 FishMeatz LLP에 미허가 냉장 창고를 불법적으로 운영한 혐의로 10,000달러의 벌금형을 구형했으며, 그 대표인 Chung Seng Choy에게도 범죄를 예방하지 못한 혐의로 10,000달러의 벌금형을 구형했음.  2023년 2월 1일, 싱가포르 식품청(SFA) 관계자는 동 업체의 시설에서 다양한 육류 및 해산물 제품을 보관하는 미허가 냉장 창고를 적발했음. 식품청은 약 2,965kg의 육류 및 해산물 제품...",,"[4] 홍콩 환경생태국장, (일본 후쿠시마 원전오염수 방류 계획 관련)  기자회견 다음은 금일(8월 22일) 셰잔환(謝展寰) 환경생태국장의 일본 후쿠시마 원전오염수 방류 계획과 관련한 기자회견 내용임. 질문1: 이번 금지령으로 일본 식품 수입이 몇 퍼센트 금지될 것으로 추산되는가? 영향을 받는 외식업계에 대한 지원책은 없는가? 이번 금지령은 언제까지 실시될 예정인가? 방류에 필요한 시간이 10여년에서 20년이라고 가정한다면, 이들 10개 현(제품 수입)도 10~20년간 금지되는 것인가?  (환경생태국장)답변: 일본은 기본적으로 23개 현에...",,"[5] 베트남 타인호아성, 가짜 원료로 생산한 밀크티 제조업자 처벌 베트남 타인호아성(Thanh Hóa, 省) 공안은 2023년 6월, 전국적으로 가짜 식품의 대규모 생산 및 판매 라인을 적발하고, 6명의 피의자를 체포 및 기소함. 밀크티를 만드는 데 사용된 2,700kg 이상의 가짜 원료를 압수하여 수천 톤의 가짜 밀크티를 시장에 공급하는 것을 막았음....",,,,,,,,,,,
"Springbank Cheese Co.와 Le Grand Fromage에서 회수된 치즈 제품은 무엇이며, 회수 사유는 무엇인가요?","Springbank Cheese Co.와 Le Grand Fromage에서 회수된 치즈 제품은 모두 리스테리아 모노사이토제네스(Listeria monocytogenes) 오염 가능성이 발견된 것으로, 구체적으로는 

- **Springbank Cheese Co.**: 2023년 12월 4일부터 24일까지 판매된 모든 **Gorgonzola Truffle Cheese** 제품 (크기 다양, UPC 시작 코드: 0202945)
- **Le Grand Fromage**: 2023년 12월 12일부터 24일까지 판매된 모든 **Gorgonzola Truffle Italian Cheese** 제품 (크기 다양)

입니다. 회수 사유는 **리스테리아 모노사이토제네스 오염 가능성** 때문입니다.","[1] [회수]캐나다 Springbank Cheese Co. 등, 리스테리아 모노사이토제네스 오염 가능성으로 치즈 회수 - 최초 발표 일자: 2023-12-28 (최신 업데이트 일자: 2023-12-28)- 유통지역: 캐나다 Alberta, British Columbia- 회수사: Springbank Cheese Co., Le Grand Fromage- 제품: 1)브랜드: Le Grand Fromage제품: Gorgonzola Truffle Italian Cheese크기: 다양UPC: 0200250로 시작코드: ▲2023년 12월 12일부...",,"[2] [회수]싱가포르 Eurolink Nutrition Pte. Ltd., 리스테리아 모노사이토제네스 존재로 프랑스산 치즈류 회수 - 일자: 2023.01.22.- 회수사/수입사: Eurolink Nutrition Pte. Ltd.- 제품명: (아래 Jay  Joy 제품의 모든 배치, 모든 use by dates)1) Jeanne Le Blute Vegan Blue Cheese2) Jill Vegan Goat Cheese 3) Josephine Vegan Brie 4) Vegan Pate 5) Vegan Geraspte Kaas Grat...",,"[3] 독일 연방교육연구부, 유전체신기술(NGT) 관련 질의 및 답변 정보 게재 독일 연방교육연구부(BMBF)는 2023년 1월 26일 유전체 편집(genome-editing) 및 CRISPR/Cas9 등 유전체신기술(NGT, 독문명: 신배양기술(NZT, Neue Züchtungstechniken)) 관련 다음 5가지 질문에 대한 답변 정보를 게재하였음. ▷NGT는 무엇이며 어떻게 작동하는가  ▷NGT는 기존 배양 방식과 어떻게 다른가▷NGT는 기존 배양 방식에 비해 어떤 위험이 있는가▷NGT가 필요한 이유는 무엇인가▷NGT가 독일에서 아...",,"[4] [회수]프랑스 Fromagerie Jacquin, 대장균 검출로 치즈 회수 -발생일자 : 2023. 5. 15. (게시일자 : 2023. 5. 16.)-판매지역 : 프랑스-제품명 : Selle sur Cher AOP TRAD (판매기간 : 10/03/2023~01/05/2023, 미포장 상태로 절단 판매되어 원산지 표시 없음)-회수사 : Fromagerie Jacquin-회수사유 : 대장균 검출-제품사진 : 원문참조 ...",,"[5] [확대회수]캐나다 Le Fromage au Village Inc., 리스테리아 오염 가능성으로 치즈 회수 * 기수집정보: [회수]캐나다 Le Fromage au Village Inc., 리스테리아 오염 가능성으로 치즈 회수(수집일자:2023-02-12)* 기수집 정보에서 회수 대상 제품을 올바르게 확인할 수 있도록 수정됨. 수정된 부분은 ""*""으로 표시함- 최초 발표 일자: 2023-02-12(최신 업데이트 일자: 2023-02-12)- 유통지역: 캐나다 Ontario, Quebec 및 온라인 판매- 회수사: Le Fromage a...",,"[6] [회수]프랑스, 살모넬라 존재로 la Ferme du mont d'Epy 브랜드 치즈 회수 -일자 : 2023. 6. 26.-판매지역 : 프랑스 전역-제품명 : fromages lactiques frais et faisselles de brebis (브랜드 : la Ferme du mont d'Epy, 바코드 : 2000000120072, 로트번호 : 150623, 소비기한 : 27/06/2023, 판매기간 : 13/06/2023~22/06/2023, 중량 : 500g, 냉장제품) -회수사 : - (자진 회수)-회수사유 : 살모넬라...",,,,,,,,,
스페인 식품안전영양청(AESAN)은 아일랜드산 자숙 냉동게에 대한 경고를 왜 철회했나요?,갈리시아 자치주의 새로운 분석 결과 제품이 살모넬라균 문제 없이 적합하다고 판명되었기 때문입니다.,"[1] 스페인 식품안전영양청, 살모넬라 존재 아일랜드산 자숙 냉동게 경고건 철회 스페인 식품안전영양청(AESAN)은 지난 11월 24일 공지한 아일랜드산 자숙 냉동게에 대한 경고건을 철회함.동 제품은 살모넬라 존재로 인해 경고된 건이었으나, 갈리시아 자치주의 새로운 분석 결과 제품은 적합 판정을 받아 소비자 건강 위해와 무관함. *관련 기수집 정보: 스페인 식품안전영양청, 살모넬라 존재로 아일랜드산 자숙 냉동게 경고-일시: 2023.11.24-판매처(유통지역): FROIZ, Mercamas (Galicia, Comunidad de Madr...",,"[2] 스페인 식품안전영양청, 알레르기유발물질 우유 함유 미표시 아몬드 음료 경고건 철회 스페인 식품안전영양청(AESAN)은 지난 3월 10일 공지한 ALPRO 아몬드음료에 대한 경고건을 철회함.  동 제품은 알레르기유발물질 우유 함유 미표시로 인해 경고된 건이었으나, 새로운 분석 결과 제품은 규정을 준수하며 안전한 것으로 드러나 경고를 철회하는 바임. *관련 기수집: 스페인 식품안전영양청, 알레르기유발물질 우유 함유 미표시로 아몬드 음료 경고-일시: 2023.3.10-제품: Bebida de almendras 1L (상표: Alpro, ...",,"[3] 아일랜드 식품안전청, 수입규제법 위반 등으로 Metron Stores Limited(Iceland) 동물성 수입 냉동식품 회수 지시 아일랜드 식품안전청(FSAI)은 Metron Stores Limited(무역명: Iceland Ireland)에서 2023년 3월 3일부터 수입된 동물성식품(닭, 육류, 어류, 난류, 유제품 등)의 즉각 회수를 지시하였으며 사유는 아래와 같음:1) 상기 업체 동물성 수입 냉동식품의 이력추적 증거 불충분2) 동물성 냉동식품과 관련해 수입규제법 위반 사례가 속출하고 있음. 일부 동물성 냉동식품은 2023년...",,"[4] 스페인 식품안전영양청, 살모넬라 존재로 아일랜드산 자숙 냉동게 경고 -일시: 2023.11.24-판매처(유통지역): FROIZ, Mercamas (Galicia, Comunidad de Madrid, Castilla-La Mancha, Castilla y León)-제품: Nécora cocida ultracongelada; 상표: Pescanova; 로트번호: 40224; 유통기한: 10/2024-원산지: 아일랜드-경고사유: 살모넬라 존재-제품사진: 원문 참조...",,,,,,,,,,,,,
영국 환경식품농촌부(Defra)가 안내한 국경 목표운영모델(Border Target Operating Model)은 무엇인가?,"영국 환경식품농촌부(Defra)가 안내한 국경 목표운영모델(Border Target Operating Model)은 그레이트브리튼(GB: 잉글랜드, 스코틀랜드, 웨일스)으로 수입되는 살아있는 동물, 동물성 제품, 식물 및 식물성 제품의 위생 및 식물위생 관리를 위한 새로운 관리 접근방식입니다. 이 모델은 수입품의 안전성을 확보하고 관리하기 위한 체계를 포함하고 있습니다.","[1] 영국 환경식품농촌부, 국경 목표운영모델 정보와 관련한 홍보자료 안내 영국 환경식품농촌부 Defra는 그레이트브리튼(GB: 잉글랜드, 스코틀랜드, 웨일스)의 수입업자 및 EU, 아이슬란드, 리히텐슈타인, 노르웨이, 스위스 수출업자를 대상으로 국경 목표운영모델(Border Target Operating Model)과 관련한 자료들을 아래와 같이 안내함. 국경 목표운영모델은 그레이트브리튼으로 수입되는 살아있는 동물, 동물성 제품, 식물 및 식물성 제품 위생 및 식물위생 관리에 대한 새로운 접근방식을 제시함.  >국경 통제소 - 식물 및 ...",,"[2] 영국 정부, 브렉시트 이후 EU에서 영국으로 수입되는 신선식품에 대한 국경 검사 또 연기 영국 정부는 영국에 반입되는 식품, 동식물 제품에 대한 브렉시트 이후 검사의 도입이 다섯 번째로 연기되었음을 확인함.  2024년 1월 30일부터 유럽연합(EU)산 중위험 동물성 제품, 식물 및 식물 제품 및 비동물성 고위험 식품을 포함한 품목을 영국으로 수입할 때 위생증명서가 필요하며, 4월 말부터는 영국 국경에서 이 제품들에 대한 물리적 검사가 실시됨. 최종 단계인 2024년 10월 말부터는 EU 수입품에 대한 안전 및 안보 신고가 시행될 ...",,"[3] 유엔식량농업기구, '코덱스 규격이 식품매개 항생제 내성 해결에 어떤 도움이 되는가' 브로슈어 발간 유엔 식량농업기구(FAO)는 '코덱스 규격이 식품매개 항생제 내성 해결에 어떤 도움이 되는가'(*) 브로슈어를 발간하여, 코덱스 규격이 식품매개 항생제 내성(AMR) 해결에 있어서 어떤 역할을 하는지 설명함. 브로슈어는 식품매개 AMR에 대해 특별히 코덱스가 개발한 아래 세 가지 핵심 텍스트를 설명함: 1) 식품매개 항생제내성 위험 분석 가이드라인(CXG 77-2011): 각국은 자국 상황에 맞게 문제를 파악하고, 우선순위를 설정하고,...",,"[4] 영국 환경식품농촌부, 어류 및 냉장식품의 대EU 수출 전자위생증명서 시범 운영 중단 영국 환경식품농촌부(Defra)는 유럽으로 수출되는 모든 어류 및 냉장식품에 필요한 수출 위생증명서를 전자화하기 위한 시범 시스템을 돌연 종료했음. 새로운 디지털 시스템은 수백만 서류 작업 및 시간을 절약할 것으로 기대되었으나 Defra는 2021년 9월부터 시범 계획에 참여한 기업들에게 추후 계획은 언급하지 않고 사업이 종료될 것이라고 공지함....",,,,,,,,,,,,,
나이지리아산 히비스커스 꽃에서 검출된 미승인 물질은 무엇인가?,미승인 물질은 클로르피리포스에틸입니다.,"[1] EU RASFF, 식품사료신속경보 (10) -통보번호 : 2023.1983-통보내용 : 나이지리아산 히비스커스 꽃(hibiscus flower), 미승인 물질 클로르피리포스에틸(Chlorpyrifos ethyl 0,074 mg/kg ( ± 0,037 mg/kg) mg/kg - ppm)-통보일자 : 23/03/2023-통보유형 : 주의 정보-관련국가((n)통보국 (o)원산국 (d)유통국 (ffup)후속조치 알림, (ffa)주의 알림)) : Italy (n)(op) Nigeria (o) Serbia (op)-통보근거 및 조치 : 원문 ...",,"[2] 인도 케랄라주 식품안전부, 농약 및 사용 금지 인공 색소 함유 등 불량식품 만연해 인도 케랄라주 식품안전부에서 2022년 12월 및 2023년 1월 실시한 식품 검사 결과 주 내 식품에 농약 및 사용 금지 인공 색소 등 독성 화학물질이 만연함이 밝혀졌음.  식품 검사 결과 보고서 요약 내용은 다음과 같음.  - 인스턴트 차, 야자즙 조당(jaggery), 혼합물 및 기타 스낵류에서 기준치를 초과하는 타트라진(tartrazine) 검출- 고춧가루 샘플에서 1,700%가 높은 잔류농약 검출 (2022년 12월 Supplyco Labha...",,"[3] 독일 연방교육연구부, 유전체신기술(NGT) 관련 질의 및 답변 정보 게재 독일 연방교육연구부(BMBF)는 2023년 1월 26일 유전체 편집(genome-editing) 및 CRISPR/Cas9 등 유전체신기술(NGT, 독문명: 신배양기술(NZT, Neue Züchtungstechniken)) 관련 다음 5가지 질문에 대한 답변 정보를 게재하였음. ▷NGT는 무엇이며 어떻게 작동하는가  ▷NGT는 기존 배양 방식과 어떻게 다른가▷NGT는 기존 배양 방식에 비해 어떤 위험이 있는가▷NGT가 필요한 이유는 무엇인가▷NGT가 독일에서 아...",,"[4] 오스트리아 그린피스, 허브 제품 중 잔류농약 검사결과 게재  오스트리아 환경단체 그린피스(Greenpeace)는 20개의 허브 제품 중 잔류농약에 대한 검사결과 정보(*)를 게재함[주요 검사 내용]- 총 20개의 허브 제품을 검사한 결과 16개, 즉 80%의 샘플에서 잔류농약이 검출되었음.- 잔류농약은 대체로 최대잔류허용수준 이하 수치로 검출되었으나, 다수의 제품이 2개 이상의 잔류농약으로 오염된 것으로 나타남.- 검출된 활성물질인 카벤다짐(Carbendazim)과 크로리다존​​(Chloridazone)은 EU 내 미승인 물질이지만...",,"[5] 홍콩 환경생태국장, (일본 후쿠시마 원전오염수 방류 계획 관련)  기자회견 다음은 금일(8월 22일) 셰잔환(謝展寰) 환경생태국장의 일본 후쿠시마 원전오염수 방류 계획과 관련한 기자회견 내용임. 질문1: 이번 금지령으로 일본 식품 수입이 몇 퍼센트 금지될 것으로 추산되는가? 영향을 받는 외식업계에 대한 지원책은 없는가? 이번 금지령은 언제까지 실시될 예정인가? 방류에 필요한 시간이 10여년에서 20년이라고 가정한다면, 이들 10개 현(제품 수입)도 10~20년간 금지되는 것인가?  (환경생태국장)답변: 일본은 기본적으로 23개 현에...",,"[6] 독일 외코테스트, 쿠스쿠스 중 잔류농약 등 품질검사 결과 게재 독일 소비자단체 외코테스트(Ökotest)는 20개의 쿠스쿠스(Couscous) 제품 중 잔류농약 등 품질 검사를 진행함.[주요 검사 내용]- 4개의 쿠스쿠스 제품 중 독일에서 승인되지 않은 잔류농약 피리미포스메틸(Pirimiphos-methyl)이 검출되었으나, 그 함량은 미량으로서 급성 독성을 나타내지 않았음- 1개의 유기농 제품 중 사이퍼메트린(Cypermethrin)의 흔적이 검출되었으며, 동 성분은 '농약행동네트워크(PAN)'의 고위험 농약 목록에 등재된 성분이...",,,,,,,,,
일본에서 회수된 '팔도 꼬꼬면'의 회수 사유는 무엇인가?,"일본에서 회수된 '팔도 꼬꼬면'의 회수 사유는 일본의 수입 규제 조치와 관련이 없습니다. 주어진 정보에는 해당 라면의 회수 사유에 대한 직접적인 언급이 없습니다. 주어진 정보는 주로 일본의 수입 규제 조치와 관련된 사항을 다루고 있습니다. 따라서, '팔도 꼬꼬면'의 회수 사유에 대해 정확히 답변하기 위해서는 추가적인 정보가 필요합니다. 만약 특정 회수 사유가 있었다면, 그것은 주어진 정보에서 명시되지 않았습니다.","[1] 홍콩 환경생태국장, (일본 후쿠시마 원전오염수 방류 계획 관련)  기자회견 다음은 금일(8월 22일) 셰잔환(謝展寰) 환경생태국장의 일본 후쿠시마 원전오염수 방류 계획과 관련한 기자회견 내용임. 질문1: 이번 금지령으로 일본 식품 수입이 몇 퍼센트 금지될 것으로 추산되는가? 영향을 받는 외식업계에 대한 지원책은 없는가? 이번 금지령은 언제까지 실시될 예정인가? 방류에 필요한 시간이 10여년에서 20년이라고 가정한다면, 이들 10개 현(제품 수입)도 10~20년간 금지되는 것인가?  (환경생태국장)답변: 일본은 기본적으로 23개 현에...",,"[2] [회수]일본 (주)SEKAIE 칸비니, 일본어 미표시로 한국산 과즙음료 회수 -일시: 2023년 11월 10일-제품명 ; 바코드: 해태 복숭아 봉봉(〈ヘテ〉ボンボンジュースもも) 238ml/캔 ; 8801105910964-원산국명(*): 한국 -회수사유: 식품표시법 위반 - 외국제 제품의 식품표시 누락 (일본어 표기 없음)(*)  > 알레르기 유발물질 표시 누락: 특정원재료에 준하는 것인 복숭아-판매처: 칸비니 AEON MALL 도코나메점에서 소비자 대상으로 소매-판매일: 2023년 8월 1일부터 11월 9일-판매수량: 57개-회수사...",,"[3] 프랑스 Foodwatch, 식용곤충에 대한 질문 및 답변(QnA) 게재    프랑스 소비자단체 '푸드워치(Foodwatch)' 소셜 네트워크 서비스(SNS)상에서 식용곤충을 둘러싼 부정확한 정보가 만연함에 따라, 식용곤충에 대한 질문 및 답변을 마련했음.   질문은 다음과 같음. Q. 곤충 섭취는 유럽에서 허용되었나? Q. 어떤 식품에 곤충이 첨가될 수 있나Q. 우발적으로 곤충을 섭취하게 될 위험이 있는가? 곤충 관련 정보가 라벨에 표시될 예정인가Q. 식용곤충과 관련하여 어떤 위험이 있을 수 있는가? 특히 알레르기 반응 등Q. 곤충...",,"[4] [회수]일본 (주)TOKUSHO SHOJI, 소분 시 일본어 미표시로 유탕면 회수 -일시: 2023년 2월 17일-제품명: 팔도 남자라면(男子ラーメン) 115g-JAN코드: 8809296881018-상미기한: 2023년 6월 19일-원산국명(*): 한국-회수사유: 식품표시법 위반 - 원재료, 영양성분표, 알레르기 표시 등 일괄표시 스티커 누락 >해당 제품은 한국 (주)팔도로부터 수입하여 수입사에서 5개입 팩을 분해하여 제품 뒷면에 일본어표시 스티커를 부착하여 출하하고 있음-판매지역: 전국-판매처: Can Do-판매일: 2022년 9...",,"[5] 중국 외교부, '중국의 수입 중단 조치 관련...일본, WTO에 서면 문건 제출'에 관한 기자 문답 *2023-09-05 기수집, ""일본 외무성, 중국의 세계무역기구 위생 및 식물위생 조치의 적용에 관한 협정에 근거한 긴급조치의 통보에 대한 반론 서면 제출"" 관련중국 외교부(Ministry of Foreign Affairs, MOFA) 대변인은 5일 정례 브리핑에서 '중국의 수입 중단 조치 관련...일본, WTO에 서면 문건 제출'에 관한 기자 질의에 다음과 같이 답변함.  -(교도통신 기자 질의) 일본 외무성은 4일, 일본이 처리...",,"[6] [회수]일본 (주)SEKAIE 칸비니, 일본어 미표시로 한국산 참치캔 회수 -일시: 2023년 11월 10일-제품명 ; 바코드: 동원 고추참치(唐辛子ツナ) 100g/캔 ; 8801047123736-원산국명(*): 한국 -회수사유: 식품표시법 위반 - 외국제 제품의 식품표시 누락 (일본어 표기 없음)(*)  > 알레르기 유발물질 표시 누락: 특정원재료인 밀, 게, 새우 / 특정원재료에 준하는 것인 대두-판매처: 칸비니 AEON MALL 도코나메점에서 소비자 대상으로 소매-판매일: 2023년 8월 1일부터 10월 9일-판매수량: 33개...",,,,,,,,,
대만 식약서가 일본산 수입식품의 방사능 검사를 중단한 품목은 무엇인가?,대만 식약서는 일본산 수입식품의 방사능 검사를 중단한 품목에 대한 명시적인 정보를 제공하지 않았습니다. 따라서 주어진 정보만으로는 정확한 답변을 제공하기 어렵습니다. 대만 식약서의 공식 발표나 추가 정보가 필요합니다.,"[1] 홍콩 환경생태국장, (일본 후쿠시마 원전오염수 방류 계획 관련)  기자회견 다음은 금일(8월 22일) 셰잔환(謝展寰) 환경생태국장의 일본 후쿠시마 원전오염수 방류 계획과 관련한 기자회견 내용임. 질문1: 이번 금지령으로 일본 식품 수입이 몇 퍼센트 금지될 것으로 추산되는가? 영향을 받는 외식업계에 대한 지원책은 없는가? 이번 금지령은 언제까지 실시될 예정인가? 방류에 필요한 시간이 10여년에서 20년이라고 가정한다면, 이들 10개 현(제품 수입)도 10~20년간 금지되는 것인가?  (환경생태국장)답변: 일본은 기본적으로 23개 현에...",,"[2] 대만 위생복지부, 유럽권 일본산 식품 수입 규제 철폐...대만 현행 규정 유지 EU, 노르웨이, 아이슬란드 등의 국가가 방사성 물질 검사 등 증명서를 포함한 일본산 식품 관련 규제를 철폐함. 현재 대만은 일본 각 현, 시의 식품 수입을 개방하고 있지만, 여전히 산지증명서, 방사능 검사증명서를 요구하고 있으며, 일부 품목의 경우 수입이 금지되고 있음.  쉐루이위안(薛瑞元) 위생복지부장은 ""일본이 우리에게 관련 규정 철폐를 요구하지도 않았는데 자발적으로 취소할 필요는 없다""며, ""이는 국가간 협상 문제로, 대만은 현행 규정을 유지할 것...",,"[3] 홍콩 입법회, 일본 원전 오염수 해양 방류 관련 대응 조치 *2023.6.9 기수집정보 ""홍콩 환경생태국장, 일본 오염수 방류 시 최고 위험지역 수산물 수입 금지"" *2023.6.12 기수집정보 ""홍콩 환경생태국장, 일본산 식품 수입금지 범위 수산물까지 확대할 수도"" 관련 다음은 금일(6월 28일) 입법회 회의에서 천잉신(陳穎欣) 의원의 질의와 셰잔환(謝展寰) 환경생태국장의 답변 내용임. <질의>(1) (오염수)방류 계획이 홍콩 식품안전 및 대중의 건강에 즉각적으로 미치는 영향 및 위험성을 평가했는가? 방류 계획 및 시민 건강에 미...",,"[4] 태국 식품의약품청-수산국, 일본산 해산물 수입 금지는 아니나 검사량 2배로 늘릴 것 태국 식품의약품청(FDA Thailand) 및 수산국은 후쿠시마 원전 폐수 방류 이후 일본산 해산물을 수입 금지하지는 않을 것이나, 식품 샘플 수집량을 2배로 늘릴 것이라고 밝혔음. 폐수 방출 이후 첫 번째 로트는 9월 중순 태국에 도착할 것으로 예상한다고 함. ...",,"[5] 홍콩 입법회, 일본 핵폐수 방류 대응 조치 관련 질의응답 다음은 금일(10월 18일), 입법회 회의에서 랴오창장(廖長江) 의원의 질의와 셰잔환(謝展寰) 환경생태국장의 서면 답변 내용임. (질의) 국제원자력기구가 올해 7월 4일 일본의 핵폐수(核廢水) 방류 계획에 대한 총결 보고서를 발표했음. 같은 날, 정부는 보고서 내용을 살펴보고 있으며, 방류 계획에 대한 추가적인 위험성 평가를 진행할 것이라는 입장을 발표했음. 방류 계획 대응과 관련하여, 홍콩 천문대, 어농자연호리서, 식품안전센터는 각각 홈페이지에 홍콩 수역 해수, 어산물, 일...",,"[6] 대만 식약서, 일본 원전 오염수 방류 관련...수산물이 중점 검사 항목될 것 위생복지부 식품약물관리서가 11일 발표한 국경 방사능검사 결과에 따르면, 일본 아이치현의 월귤추출물에서 미량의 방사능 세슘-137 등의 물질이 검출됨. 기준치를 초과하지 않았으나 업체에 반송 처리를 권고함. 그밖에 일본이 올 여름 원전 오염수를 해양으로 방류하겠다는 계획과 관련하여, 식약서는 원자력위원회와 협력하여 '삼중수소' 검사방법을 마련했다며, 수산물이 중점 검사 항목이 될 것이라고 언급함....",,,,,,,,,
네팔에서 보고된 H5N2 고병원성 조류 인플루엔자의 발생 규모는 어떻게 되는가?,네팔에서 보고된 H5N2 고병원성 조류 인플루엔자의 발생 규모는 주어진 정보에서 확인되지 않습니다. 제공된 정보는 주로 H5N1 바이러스에 대한 내용입니다. 따라서 H5N2에 대한 구체적인 발생 규모에 대한 답변을 드릴 수 없습니다.,"[1] 세계동물보건기구, 고병원성 조류 인플루엔자 동물 감염 현황(6.29) 1. 네팔, H5N1 (후속보고서 10) - 최초발생일: 2021.10.20 - 발생보고일: 2023.6.29 - 발생규모(가금류): 의심87454건, 감염38442건, 폐사38442건, 살처분49012건, 도축0건 - 기타: 진행형이며, 추후 보고가 제출될 예정 - 원문: https://wahis.woah.org/#/in-review/4884...",,"[2] 세계동물보건기구, 고병원성 조류 인플루엔자 동물 감염 현황(5.17) 1. 스위스, H5N1 (후속보고서 4) - 최초발생일: 2023.3.19 - 발생보고일: 2023.5.17 - 발생규모(가금류): 의심44건, 감염13건, 폐사0건, 살처분44건, 도축0건 - 기타: 진행형이며, 추후 보고가 제출될 예정 - 원문: https://wahis.woah.org/#/in-review/4987 2. 네팔, H5N1 (후속보고서 7) - 최초발생일: 2023.1.24 - 발생보고일: 2023.5.17 - 발생규모(가금류): 의심74907건...",,"[3] 세계동물보건기구, 고병원성 조류 인플루엔자 동물 감염 현황(11.2-추가) 1. 미국, H5N1 (후속보고서89) - 최초발생일: 2022.2.7 - 발생보고일: 2023.11.2 - 발생규모(가금류): 의심60656020건, 감염-건, 폐사1476993건, 살처분58882447건, 도축-건 - 기타: 진행형이며, 추후 보고가 제출될 예정 - 원문: https://wahis.woah.org/#/in-review/4309...",,"[4] 세계동물보건기구, 고병원성 조류 인플루엔자 동물 감염 현황(9.18) 1. 네팔, H5N1 (후속보고서 12)(최종) - 최초발생일: 2022.1.24 - 발생보고일: 2023.9.17 - 발생규모(가금류): 의심87454건, 감염38442건, 폐사38442건, 살처분49012건, 도축0건 - 기타: 진행형이며, 추후 보고가 제출될 예정 - 원문: https://wahis.woah.org/#/in-review/4884 2. 대만, H5N1 (후속보고서 11) - 최초발생일: 2022.11.17 - 발생보고일: 2023.9.18 - ...",,"[5] 유럽질병예방통제센터, 2022년 인수공통 인플루엔자 연례 역학보고서 게재 유럽질병예방통제센터(ECDC)는 2022년의 인수공통 인플루엔자(Zoonotic influenza) 연례 역학보고서(*)를 게재하였음.- 2022년 조류 인풀루엔자 바이러스 A(H3N8), A(H5N1), A(H5N6), A(H9N2) 및 A(H10N3)의 산발적 인체 감염이 전세계에서 보고됨- 고병원성 조류 인플루엔자 바이러스의 발병 및 검출(주로 A(H5N1))은 전세계적으로 가금류, 야생 및 사육 조류에 영향을 미침- 2022년 돼지 유래 인플루엔자 바이...",,,,,,,,,,,
미국 식품의약품청이 'PrimeZen Black 6000' 제품에 대해 경고한 이유는 무엇인가?,"미국 식품의약품청(FDA)이 'PrimeZen Black 6000' 제품에 대해 경고한 이유는 해당 제품이 실데나필(sildenafil) 및 타다라필(tadalafil)을 함유하고 있으며, 이러한 성분들이 처방의약품 성분이기 때문입니다. 이 제품은 성기능 강화제를 표방하고 있지만, FDA는 이러한 성분들이 의약품으로 판매되어야 하며 일반 소비재로 판매되는 것은 위법임을 알렸습니다.","[1] 미국 식품의약품청, 의약품성분 실데나필 및 타다라필 검출된 성기능강화제 표방제품 'PrimeZen Black 6000' 구매 또는 섭취 경고 -경고일시: 2023.02.07.-제품명: PrimeZen Black 6000(성기능강화제 표방)-사유: 실데나필(sildenafil) 및 타다라필(tadalafil) 함유-제품사진: 원문참조-기타: 동 제품은 다양한 웹사이트에서 성기능강화제로 홍보 및 판매되었으며, 일부 소매점에서 판매되었을 수 있음....",,"[2] [회수]미국 Volt Candy, 의약품성분 실데나필 및 타다라필 함유로 성기능개선제 표방 식이보충제 회수 *관련 기수집정보: 미국 식품의약품청, 의약품성분 실데나필 및 타다라필 검출된 성기능강화제 표방제품 'PrimeZen Black 6000' 구매 또는 섭취 경고(수집일자: 2023-02-08) -일자: 2023.02.13. (FDA 발표일: 2023.02.13.)-유통지역: 미국 전역-회수사: Volt Candy-브랜드명: PrimeZEN-제품명: PrimeZEN Black 6000 male enhancement capsule...",,"[3] 영국 식품기준청, 국내법 미준수로 수입 Prime 음료 경고 미국 언론 Food Safety News는 영국 식품기준청(FSA)이 에너지음료 'Prime'과 관련한 문제에 대해 경고하였다고 아래와 같이 보도함. 영국에서 문제가 된 제품은 수입된 Prime Hydration 및 Prime Energy 음료로, 영국 시장용이 아님. 또한 FSA는 영국에서 Prime 라벨이 표시된 초콜릿바에 대한 신고를 접수했으나, Prime은 음료를 제외한 다른 품목은 제조하거나 공급하지 않음. 미국 시장용으로 제조된 상기 음료가 영국에서 판매되는 것...",,"[4] 독일 연방교육연구부, 유전체신기술(NGT) 관련 질의 및 답변 정보 게재 독일 연방교육연구부(BMBF)는 2023년 1월 26일 유전체 편집(genome-editing) 및 CRISPR/Cas9 등 유전체신기술(NGT, 독문명: 신배양기술(NZT, Neue Züchtungstechniken)) 관련 다음 5가지 질문에 대한 답변 정보를 게재하였음. ▷NGT는 무엇이며 어떻게 작동하는가  ▷NGT는 기존 배양 방식과 어떻게 다른가▷NGT는 기존 배양 방식에 비해 어떤 위험이 있는가▷NGT가 필요한 이유는 무엇인가▷NGT가 독일에서 아...",,"[5] 호주 연방의료제품청, 의약품성분 실데나필 함유로 'USA Black Gold' 경고 - 경고일시: 2023.6.8- 제품명: USA Black Gold tablets- 사유: 의약품성분 실데나필(sildenafil) 함유 - 기타: 해당 성분을 함유한 제품을 공급하는 행위는 불법임. 당국은 호주 법률에서 요구하는 품질, 안전성, 효능성을 평가한 적이 없으며, 제조사 또한 청의 승인을 받지 않았음. - 제품 사진: 원문 참조...",,,,,,,,,,,
독일 CVUA가 서양 송로버섯을 포함한 제품에서 집중적으로 모니터링하는 이유는 무엇인가?,독일 CVUA는 서양 송로버섯 품종에 따른 가격 차이로 인해 식품 사기 가능성이 높아 집중적으로 모니터링한다고 밝혔습니다.,"[1] 독일 CVUA, 동물성 식품 내 서양 송로버섯 표시 품질검사 결과 게재 독일식품공전위원회(DLMBK)는 식용버섯 및 식용버섯제품 지침을 통해 서양 송로버섯(Trüffel)을 정의하고 있으며, 여러 품종의 서양 송로버섯에 대한 학명을 안내하고 있음. 독일 바덴-뷔템베르크주 화학수의검사청(CVUA) 슈투트가르트(Stuttgart) 연구소는 서양 송로버섯을 함유한 제품 내 송로버섯 품종 표시에 대해 총 94개의 동물성 제품을 검사하였으며, 그중 26개 제품의 경우 인터넷을 통해 판매되는 제품이었음.  > 2019년부터 2021년까지 소매...",,"[2] 독일 연방교육연구부, 유전체신기술(NGT) 관련 질의 및 답변 정보 게재 독일 연방교육연구부(BMBF)는 2023년 1월 26일 유전체 편집(genome-editing) 및 CRISPR/Cas9 등 유전체신기술(NGT, 독문명: 신배양기술(NZT, Neue Züchtungstechniken)) 관련 다음 5가지 질문에 대한 답변 정보를 게재하였음. ▷NGT는 무엇이며 어떻게 작동하는가  ▷NGT는 기존 배양 방식과 어떻게 다른가▷NGT는 기존 배양 방식에 비해 어떤 위험이 있는가▷NGT가 필요한 이유는 무엇인가▷NGT가 독일에서 아...",,"[3] 독일 CVUA, 곤충 성분 함유한 식품 중 표시·곤충종 등 품질검사 결과 게재 독일 바덴-뷔템베르크주 화학수의검사청(CVUA)은 곤충 성분을 함유한 식품 중 표시·곤충종·미생물·알레르기 유발물질 등 품질검사 결과를 게재함.[주요 검사결과 내용]- 2020년에서 2022년 사이 곤충 식품, 곤충 뮤즐리바, 곤충 단백질 분말 등 총 62개의 샘플을 검사함- 30개 샘플이 부적합 평가를 받았으며, 주된 원인은 표시 요건 미충족임- 인터넷에서 구매한 2개 제품의 경우, 유럽연합(EU) 신소재식품 규정에 따라 승인되지 않은 곤충종을 함유함...",,"[4] 독일 연방위해평가원, 살모넬라균 감염 예방에 관한 질의 및 답변 정보 업데이트 독일 연방위해평가원(BfR)은 2023년 8월 24일 살모넬라균 감염 예방에 관한 질의 및 답변(QnA) 정보를 업데이트하였음.  독일에서 보고된 살모넬라증 사례는 2010년 이후 현재까지 확연히 감소하였음(2010년 26,960건 → 2022년 11,256건). 그러나 살모넬라균은 캠필로박터균 다음으로 가장 빈번하게 장 질환을 유발하는 박테리아임. 살모넬라균은 주로 살모넬라균에 오염된 식품을 통해 전이될 수 있으며, 제조 과정에서 살모넬라에 오염되거나 ...",,"[5] 독일 농업거래조정중앙회, 2024년 1월부터 특정 식품군에 독일 원산 나타내는 새로운 자발적표시제 시행 독일 농업 언론 Agrarheute에 따르면, 독일 농업거래조정중앙회(Zentrale Koordination Handel-Landwirtschaft, ZKHL)는 2024년 1월부터 돼지고기, 소고기, 가금류고기, 과일 및 채소류, 감자, 달걀 및 우유(요거트 및 유제품 '크박(DE: Quark)' 포함)가 완벽히 독일 내에서 생산되었을 경우 독일 원산지임을 나타내는 새로운 자발적표시제를 시행할 것이라 밝혔음(*).  소비자들은 ...",,,,,,,,,,,
미국 식품안전검사국이 공중보건경보를 발령한 냉동 닭고기 제품의 제조사는 어디인가?,미국 식품안전검사국이 공중보건경보를 발령한 냉동 닭고기 제품의 제조사는 **CAFE SPICE LLC**입니다.,"[1] 미국 식품안전검사국, 오포장으로 인한 오표시 및 알레르기 유발물질 캐슈 미표시로 냉동 닭고기 제품에 공중보건경보 발령 -일자: 2023.02.03.-유통지역: 미국 New York, Pennsylvania-제조사: CAFE SPICE LLC-제품명: Wegmans Chicken Korma with Basmati Turmeric Rice (포장: 10-oz. containers; 품질유지기한(Best By): 08 NOV 2023; 시설번호: P-34641; -경고사유: 동 냉동 제품이 'Chicken Korma with Basmat...",,"[2] 미국 식품안전검사국, 연방검사 미필로 냉동 생선 커틀릿에 공중보건경보 발령 -일자: 2023.01.11.-유통지역: 미국 California 소매점 및 온라인 판매를 통해 판매되었음.-제조 및 유통사: A  S Produce Inc.(Greenland Food Company)-제품명: fully cooked, frozen swai fried fish cutlet, 1-lb. “Fried Fish Cutlet”이 들어있는 진공포장 제품. 2022년 7월부터 2022년 9월까지 생산됨. 유통기한은 2년임.-원산지: 미국-경고사유: 연방...",,"[3] 미국 식품안전검사국, 멸균 불충분 가능성으로 식육통조림 제품에 공중보건경보 발령 -일자 : 2023.09.16. -유통(출하)지역 : 미국 Texas-제조사 : Hormel Foods Corp. Services, LLC-제품정보 : SPAM Classic ; 12-oz. ; 금속 캔 ; BEST BY AUG 2026 ; lot code A08173-시설번호 : EST. 199-공중보건경보 발령 사유 : 가공 불충분 가능성 - 상업적 멸균도(commercial sterility)에 도달할 만큼 적절하게 처리되지 않았을 가능성이 있음-...",,"[4] 미국 컨슈머리포트, 세포 배양 닭고기의 중금속 수준에 대한 우려를 제기하는 서한을 식품의약품청에 발송해 미국 소비자단체 컨슈머리포트는 UPSIDE Foods(사)가 생산한 세포 배양 닭고기 제품의 안전성에 대해 식품의약품청(FDA)에 서한을 발송하였음. 동 서한에서는 중금속, 특히 납과 카드뮴의 수준이 너무 높을 수 있으며 섭취하기에 안전하지 않을 수 있음을 우려하였음.  (*) https://advocacy.consumerreports.org/wp-content/uploads/2023/09/FDA-Letter-on-Cell-Cul...",,"[5] 미국 네바다주 와슈카운티 보건구, 검사 미필 및 식품안전 프로토콜 미검증으로 김치 제품에 대한 공중보건경보 발령 -일자: 2023.01.18.-유통지역: 미국 네바다주 와슈카운티 내 식당 및 소매점-제조사: YIM’S PRODUCE AND SEAFOOD-제품명: kimchi, 제조일: 2022.12.01 - 2023.01.13. 1/4-gallon, 1/2-gallon, 1-gallon containers-경보발령사유: 검사 미필이며, 식품안전 프로토콜을 검증할 수 없었으므로, 해당 제품은 변질된 것으로 간주함. 해당 제품을 제조한...",,"[6] 홍콩 식품안전센터, 미국 일부 지역의 가금육 및 가금류 제품 수입 중단 식품환경위생서 식품안전센터는 금일(12월 7일), 세계동물보건기구(WOAH)가 미국 일부 지역에서 고병원성 H5N1 조류인플루엔자가 발생했다고 통보함에 따라, 즉시 해당 지역의 가금육 및 가금류 제품(가금알 포함) 수입을 잠정 중단할 것을 업계에 지시함. <미국>- Day County of the State of South Dakota...",,,,,,,,,
