id,제목,질문,예상답변,정답,target_found,target_rank,target_score,문서1,점수1,문서2,점수2,문서3,점수3,문서4,점수4,문서5,점수5,문서6,점수6,문서7,점수7,문서8,점수8,문서9,점수9,문서10,점수10,문서11,점수11,문서12,점수12,문서13,점수13,문서14,점수14,문서15,점수15,문서16,점수16,문서17,점수17,문서18,점수18,문서19,점수19,문서20,점수20
1,"캐나다 정부, 농약 23종 건강영향평가 실시하기로","캐나다 정부가 건강영향평가를 실시하기로 한 농약 중 2,4-D는 몇 개 제품에 사용되나요?","캐나다 정부가 건강영향평가를 실시하기로 한 농약 중 2,4-D는 140개 제품에 사용됨.",140개 제품에 사용됨.,True,1,9.885906219482422,"[1] 캐나다 정부, 농약 23종 건강영향평가 실시하기로  캐나다 연방정부가 밀밭부터 도심지역 잔디밭까지 어디에서나 사용되는 제초제를 포함하여 23종의 농약에 대한 건강영향평가를 실시한다고 발표함에 따라 환경운동가들이 환영의 뜻을 밝힘. 환경운동가들은 이 같은 결정이 지난 해 여름부터 수 차례 소상이 제기된 이후 나온 것임을 지적함.  환경단체 에코저스티스(Ecojustice)는 지난 해 8월, 유럽에서 사용이 금지된 29종의화학물질에 대해 소송을 제기함. 연방정부는 경제협력개발기구(OECD) 소속 다른 국가가 사용을 금지한 화학물질에 대...",9.885906219482422,"[2] 후생노동성, 코트디부아르산 카카오원두 및 그 가공품 잔류농약 2,4-D 관련 검사명령 실시  * 2013년 5월 27일 기 제공 정보, ‘후생노동성, 코트디부아르산 카카오 원두 잔류농약 2,4-D 관련 모니터링검사 강화 ’ 관련 후생노동성은 검역소에서 실시한 모니터링검사 결과, 코트디부아르산 카카오원두에서 기준치를 초과한 2,4-D가 검출되어 수입자에 대해 다음과 같이 식품위생법 제26조제3항에 근거하여 검사명령(수입신고 시 마다 모든 로트에 대해 검사 의무)을 실시하기로 함. - 대상식품 등: 코트디부아르산 카카오원두, 그 가공품...",-2.117508888244629,"[3] 캐나다 보건부, 네오니코티노이드계 농약 2종에 대한 재평가결과 발표 및 단계적 저감 제안 캐나다 보건부는 네오니코티노이계 농약인 크로치아니딘(clothianidin)과 티아메톡삼(thiamethoxam)의 재평가 결과를 발표함. 크로치아니딘과 티아미톡삼은 작물과 그 종자 그리고 잔디를 해충으로부터 보호하기 위해 사용되는 네오니코티노이드계 농약으로 이들 모두 땅, 잎(엽면) 그리고 종자에 사용될 수 있음. 보건부는 네오니코티노이계 농약이 꿀과 기타 화분매개체에 영향을 준다는 우려에 따라, 네오니코티노이드계 농약(이미다크로프리드, 크로...",-4.759339809417725,"[4] 일본 식품안전위원회, 알레르기물질을 함유한 식품의 리스크 평가방법에 관한 조사 결과 공표 일본 식품안전위원회는 알레르기물질을 함유한 식품의 리스크 평가방법에 관한 조사 결과 보고서를 공개함. 식품알레르기는 일본 전 인구의 1~2%가 가지고 있는 것으로 여겨지고 있으며, 식품알레르기를 가지고 있는 사람이 알레르기 물질을 함유한 식품을 섭취하면 과잉 면역반응으로 혈압저하, 호흡곤란 등의 증상을 일으켜 최악의 경우는 죽음에 이르기도 함.  이러한 피해를 미연에 방지하기 위해 일본 정부는 식품표시법 제4조제1항의 규정에 근거해 발병수, 중...",-7.557182312011719,"[5] 일본 후생노동성, 미국, 캐나다, 아일랜드산 쇠고기 등의 수입조건 재검토 일본 후생노동성은 5월 17일, 미국, 캐나다, 아일랜드산 쇠고기 등의 수입조건 재검토에 대해 공지함. 내용은 미국, 캐나다, 아일랜드산 쇠고기 등에 대해서 식품안전위원회의 식품건강영향평가 결과를 바탕으로 각국 정부와의 협의 등을 실시한 겨로가, 5월 17일부로 수입 조건을 재검토하기로 하였다는 것임.1. 경위미국, 캐나다 및 아일랜드산 쇠고기 등에 대해서 2019년 1월, 식품안전위원회가 통지한 식품건강영향평가 결과를 바탕으로 미국, 캐나다, 아일랜드 정부와...",-7.667378902435303,"[6] 유럽연합, 유럽집행위원회에 위험 농약류 즉각적으로 금지하기를 촉구 ​지난 8월, 소비자 단체 Foodwatch의 조사 결과 독성 살충제에 대한 유럽기관의 평가 능력이 부족하다는 것이 알려졌음. 동 단체는 이러한 상황이 종결되기를 요청하였으며, 이는 다양한 연구에서 건강 및 환경에 위험을 가할 수 있다고 밝혀진 여러 식물 질병용 제품에 대한 재평가가 없었기 때문임. 유럽법에 따르면, 식품에 사용되는 물질은 승인 10년 후, 인간과 동물의 건강 또는 환경에 잠재적인 위험성을 보여주는 과학적 발견이 있는지를 확인하기 위한 평가가 진행되어...",-8.028885841369629,"[7] 캐나다 연방보건부, '2021년 식품 및 영양 하이라이트 보고: 건강 유지 및 개선에 도움' 발간 COVID-19 유행이 2021년까지 계속됨에 따라 캐나다 연방보건부는 캐나다 국민이 안전하고 건강하도록 식품 및 영양 정보, 분석 및 규정을 지원하기 위해 노력했음. '2021년 식품 및 영양 하이라이트 보고: 건강 유지 및 개선에 도움' 보고서(*)는 건강한 식생활, 식품 안전 및 혁신을 지원하기 위한 2021년의 업무에 대한 개요를 제공함. <목차>1. 캐나다 보건부의 연례 하이라이트 보고서 인사말 2. '2021년 식품 및 영양...",-8.328131675720215,"[8] 세계보건기구, 식품 중 잔류농약에 대한 Q&A 발표  Q. 식품 중 잔류농약과 관련된 건강상 위험은 무엇인가?농약은 곤충, 곰팡이, 잡초, 기타 해충으로부터 작물을 보호하기 위해 농업에 사용되는 화학물질임. 또한 모기와 같은 열대성 질병 매개체를 제어해 공중 보건을 보호하기도 함.그러나 농약은 사람에 대해 잠재적으로 독성이 있음. 암, 생식, 면역, 신경계 등에 부정적인 영향을 미칠 수 있음. 사용 승인 전 가능한 모든 건강상 영향에 대해 검사를 실시해야 하며 그 결과는 전문가에 의해 인체에 위해 가능성이 있는지 평가되어야 함.Q....",-9.148037910461426,"[9] 중국 생태환경부, 해양 패류 및 어류 중 미세플라스틱 존재 여부에 대한 입장 밝혀 11월 30일 개최된 생태환경부 언론브리핑에서 한 기자가 미세플라스틱이 패류와 어류에 존재하는지? 인체 건강에 어떠한 영향을 미치는지? 현재까지 생태환경부가 어떠한 조치를 취했고, 어떠한 성과가 있었는지? 향후 계획은?에 대해 질문하였음. 이와 관련하여 국가해양환경감시센터 왕쥐잉(王菊英) 부주임은 지금까지의 보도와 연구에서 볼 때 해수, 해저, 해저 침적물을 막론하고 미세플라스틱은 모두 존재한다고 밝혔음. 국내외 보도에서 보면 패류에서는 미세플라스틱 ...",-9.771656036376953,"[10] 일본 식품안전위원회, 약제내성균의 식품건강영향평가에 관한 정보 갱신 식품안전위원회는 약제내성균의 식품건강영향평가에 관한 정보를 갱신하여 공개함. 식품안전위원회에서는 가축이나 수산동물에 항균제의 사용으로 선택되는 '약제내성균'에 대해서 식품을 통해 사람에게 전파되어 미치는 건강 영향 가능성을 과학적인 지식에 근거해 평가하고 있음. <2017년12월부터 2018년 11월까지의 대응>농림수산성으로부터 평가 요청된 마크로라이드계 항생물질 및 테트라사이클린계 항생물질(모두 사료첨가제 및 동물용의약품)에 대해서 약제내성균 워킹그룹에서 합계 8...",-9.788702964782715,,,,,,,,,,,,,,,,,,,,
2,"유럽식품안전청, 화학적 위해요인 데이터베이스 추가 개발 및 업데이트",유럽식품안전청의 화학적 위해요인 데이터베이스는 어떤 자료를 기반으로 업데이트되었나요?,"유럽식품안전청의 화학적 위해요인 데이터베이스는 EFSA의 평가의견, 성명, 결과나 상세 설명에서 뽑은 위해요인 자료들을 기반으로 업데이트되었습니다.","유럽식품안전청의 화학적 위해요인 데이터베이스는 EFSA 패널이 채택한 평가의견과 성명에서 자료를 추출하여 업데이트되었으며, 이번 업데이트에서는 2014년 2월분 자료를 반영했습니다.",True,1,9.889988899230957,"[1] 유럽식품안전청, 화학적 위해요인 데이터베이스 추가 개발 및 업데이트 유럽식품안전청(EFSA)은 식품 및 사료의 자체 화학적 위해평가에서 도출한 위해요인 데이터 요약을 이용해 화학적 위해요인 데이터베이스를 채워나가고 있음.화학적 위해요인 데이터베이스는 EFSA의 평가의견, 성명, 결과나 상세 설명(화학물질, 서류 설명, 위해요인, 위해요인 특성/위해성 특성)에서 뽑은 위해요인 자료들을 맵핑하는 용도로, 특히나 위해요인 데이터를 주요하게 다루고 있음.데이터베이스는 NDA, CONTAM, FEEDAP, AFC, AFC 등 EFSA 패널이...",9.889988899230957,"[2] 유럽식품안전청, 화학적 위해요소 데이터베이스 'OpenFoodTox' 업데이트 유럽식품안전청(EFSA)은 화학적 위해요소 데이터베이스 'OpenFoodTox'에 321개 성분을 추가하여 4,750개 이상의 화학적 성분에 관한 데이터가 포함되어 있다고 밝혔음. 또한, 데이터 조사를 위한 더 많은 기능을 갖춘 향상된 인터페이스를 통해 데이터베이스에 더욱 쉽게 접근할 수 있게 되었다고 덧붙임. 이번 새로운 버전의 데이터베이스는 1,816개 이상의 건강기반기준치(health based guidance values)도 업데이트 되었음. 이는...",9.750859260559082,"[3] 유럽식품안전청, 화학적 위해요소 데이터베이스 'OpenFoodTox' 업데이트 유럽식품안전청(EFSA)은 화학적 위해요소 데이터베이스 'OpenFoodTox'에 150개 성분을 추가하여, 동 데이터베이스에 총 5,000여개의 화학적 성분에 관한 데이터가 포함되어 있다고 밝혔음.  'OpenFoodTox'는 2002년 EFSA의 설립 이후 사람, 동물 및 환경에서 식품 및 사료 화학물질의 안전 수준 설정을 위해 EFSA가 사용한 독성학적 데이터를 요약해 제공하고 있음. 2017년에 처음 도입된 이후, 식품 및 사료 중 독성 물질을 예...",8.80699634552002,"[4] 유럽식품안전청, 화학적위해요소 데이터베이스(OpenFoodTox)를 활용한 in   silico 모델의 개발에 관해 유럽식품안전청(EFSA)은 최근 식품 및 사료 중 화학적 위해요소에 관한 'OpenFoodTox 데이터베이스' 를 공개했음. 이는 위해 평가를 위한 독성정보를 풍부하게 제공하는 자료로서 동물 실험의 감소를 잠재적으로 지원할 수 있음. 이탈리아 밀라노의 마리오 네그리 연구소 과학자들은 최근 OpenFoodTox 데이터를 바탕으로 컴퓨터 기반(""in silico"") 모델링 도구를 개발하기 위한 EFSA가 지원하는 프로젝트...",8.067298889160156,"[5] 유럽식품안전청, 식품 및 사료 중 화학적 위해요소 정보 제공하는 새로운 데이터베이스 공개 유럽식품안전청은 식품 및 사료망에서 확인되는 화학 물질의 독성 관련 EFSA 과학적 결과물 정보를 제공하는 새로운 데이터베이스 'OpenFoodTox(*)'를 공개했으며, EFSA 저널에 발표된 사설(**)에 동 데이터베이스의 사용방법이 소개되었음. 다음은 동 데이터베이스 관련 EFSA 과학자들의 질의응답 내용임. Q. 동 데이터베이스의 특별한 점은 무엇인가?데이터베이스의 모든 정보는 이미 공개적으로 사용가능하지만, 현재까지는 1650여개의 개...",7.977665901184082,"[6] 유럽식품안전청, 식품의 위해-이익 평가 가이던스 업데이트 유럽식품안전청(EFSA)의 과학위원회는 2024년 7월 16일, 식품의 위해-이익 평가(RBA)에 관한 2010년 가이던스를 업데이트하였음. 동 업데이트는 방법론적 개발 및 규제 요구사항을 다루며, 단계적 RBA 접근 방식을 유지하면서 여러 화학적 위험과 여러 인구 하위 그룹에 영향을 미치는 모든 관련 건강 영향과 같은 복잡한 평가를 위한 추가 방법을 제공함. 업데이트된 가이던스는 유해한 식품 성분과 유익한 식품 성분을 체계적으로 식별하고 우선순위를 정하고 선택하는 방법을 포...",5.444986343383789,"[7] 유럽식품안전청, EU 식품소비 데이터베이스 업데이트 유럽식품안전청이 EU 식품섭취 데이터 베이스를 업데이트 함.  이에 따라 동 DB는 23개 회원국의 약 10만명에 대한 개인 식품섭취기록을 보유하게 됨.  동 데이터베이스는 식품의 위해가능요소 평가에 중추적 역할을 담당해왔음. 이번 업데이트로 유아ㆍ아동ㆍ청소년ㆍ성인ㆍ노인 등 다양한 연령군의 데이터 제출 국가 수가 증가하므로써, 정밀검사시스템과 함께 더욱 정교한 노출 평가 결과 도출을 기대함.  ...",2.7979421615600586,"[8] 유럽식품안전청, '2012-2013 새로운 위해(emerging risk) 관련 활동 업데이트 유럽식품안전청(EFSA)은 식품망에 새로이 나타나고 있는 위해(emerging risk)를 식별해야 할 의무가 있음. EFSA는 2012-2013년에 새로운 위해 식별에 대한 접근을 시도했으며 후속 활동을 수행했음. 회원국들과 시민 이해관계자들에 이어 국제적 협력자들도 EFSA의 활동에 참여했음. 더 활발할 활동을 위해 설립된 과학위원회의 새로운 위해에 관한 상임실무단은 총 45건의 평가를 수행했음. 추가 조사가 필요한 사안으로는 전유럽의...",2.303116798400879,"[9] 미국 존스홉킨스대학, 안전성 데이터에 기반한 화학물질 데이터베이스 제작 미국 존스홉킨스 대학교 블룸버그 공중보건대학 연구진이 소비자 제품에 들어 있는 9만 여종 물질의 독성을 예측하는데 활용할 수 있도록 유럽에 등록된 만 여가지 화학물질에 관한 안전성 데이터베이스를 제작했음. 연구진은 연구가 거의 이루어지지 않은 화학물질의 유해성 여부에 관한 정보를 제공함으로써 규제책임자, 제조업자 그리고 과학자에 도움이 될 데이터베이스임을 '동물실험대체법 저널' 온라인을 통해 밝혔음. 816,000건의 연구자료를 바탕으로 제작된 이번 데이터베이스...",0.32075250148773193,"[10] 유럽식품안전청, 다중화학물질에 대한 복합노출의 인체 위해성 평가 관련 문서 게재  유럽식품안전청(EFSA)는 다중화학물질에 대한 복합노출의 인체 위해성 평가를 위하여, 화학물질을 평가 그룹으로 분류하기 위한 과학적 기준에 대한 지침 문서를 게재하였음. 이는 해당 과학적 기준 및 우선 순위 지정 방법을 적용하기 위한 조화되고 유연한 방법론을 제공함.  EFSA는 문서에서 위험 기반 기준과 같은 과학적 기준을 사용하여 이러한 화학 물질을 평가 그룹으로 그룹화 할 수 있다고 말함. 그러나 이러한 기계적 데이터를 사용할 수 없는 경우 공통...",-0.6723147630691528,,,,,,,,,,,,,,,,,,,,
3,"[회수]영국 Jumbo UK Ltd, 알루미늄포스파이드 오염 위험으로 검은콩 회수",Jumbo UK Ltd의 검은콩 회수 이유는 무엇인가요?,알루미늄포스파이드 오염 위험으로 회수되었습니다.,건조된 콩이 훈증제로 사용되는 알루미늄포스파이드와 함께 수송되어 예방 조치로 회수함.,True,1,9.885907173156738,"[1] [회수]영국 Jumbo UK Ltd, 알루미늄포스파이드 오염 위험으로 검은콩 회수 영국 식품기준청, 'Jumbo UK Ltd'의 검은콩을 알루미늄포스파이드 오염 위험으로 회수 발표 - 일시: 2014. 10. 16.- 제품명: Brown Beans(1kg, 1.5kg, 4kg, 모든 배치 제품)- 브랜드명: Nigeria Taste- 회수사: Jumbo UK Ltd- 회수사유: 건조된 콩이 훈증제로 사용되는 알루미늄포스파이드(aluminium phosphide)와 함께 수송됨. 알루미늄포스파이드가 검출된 제품은 없으나 예방 조치로 ...",9.885907173156738,"[2] [회수]아일랜드 Jumbo UK, 알루미늄포스파이드 오염 가능성으로 나이지리아산 검은콩 회수 - 일시: 2014. 10. 22.- 제품명: Nigeria Taste Brown Beans(1kg, 1.5kg, 4kg, 모든 배치 제품)- 원산지: 나이지리아- 회수사: Jumbo UK - 회수사유: 건조된 콩이 훈증제로 사용되는 알루미늄포스파이드(aluminium phosphide)와 함께 수송됨. 알루미늄포스파이드가 검출된 제품은 없으나 예방 조치로 회수함....",9.306641578674316,"[3] 영국 식품기준청, 달걀 중 피프로닐에 관한 업데이트(8.17)(회수 정보 포함)   영국 식품기준청(FSA)은 피프로닐을 함유하고 있을 가능성이 있는 달걀 제품을 신속히 추적하고 있음. 대부분의 제품은 유통기한을 경과했으나, 아직 유통기한이 남아 있는 제품들은 즉각 회수되었음. 청은 회수제품 목록에 14개 제품을 추가함. 회수 제품 중 대부분은 식품 생산업체나 케이터링 업체에 유통되었음. 해당 달걀들이 공중보건상 위험을 야기할 가능성은 대단히 낮음. 그러나 피프로닐은 식품 생산용 동물에는 사용이 승인되지 않았기 때문에 청은 신속하게...",-7.7117767333984375,"[4] 홍콩 입법회, 보건식품 감독관리 관련 질의응답  다음은 금일(6월 5일), 입법회 회의에서 천카이신(陳凱欣) 의원의 질의와 루충마오(盧寵茂) 의무위생국장의 서면 답변 내용임. <질의>보도에 따르면, 앞서 해외에서 보건식품 섭취 후 신장병 및 사망 사례가 발생함. 관련 업체는 해당 제품이 홍콩에 수입되지 않았다고 언급했으나, 시중에 병행수입제품이 나타날 수도 있음. 한편 홍콩 시중 보건식품은 '약제업 및 독약 조례'(제138장), '중의약 조례'(제549조), '불량광고(의약) 조례'(제231장) 등 다양한 조례의 감독관리를 받고 있...",-9.771099090576172,"[5] 미국 공익과학센터, 소비자의 올바른 구매를 위한 안내책자 발간 매년 4800만명의 미국인이 오염된 식품으로 식중독 증세를 겪게 될 것이며 식품매개 질병으로 3,000명이 사망할 것임. 때때로 ""식품 경찰""로 불리는 비영리 식품안전 감시 단체 '공익과학센터(CSPI)'는 오늘 과학적 근거에 바탕을 두고 식품을 어떻게 안전하게 구매하고, 준비하고, 조리하고, 보관하는 지에 대한 권고를 담아 식품매개 질병을 기피하기 위한 최종 소비자 지침을 발행함. 수석식품안전 변호인 사라 클레인이 저술한 ""슈퍼마켓에서 잔여 음식까지(From Super...",-9.823477745056152,"[6] 중국, ""식품.보건식품 사기 및 허위선전 관리 문답(Q&A)"" 발표 식품·보건식품 사기 및 허위선전 관리업무를 발전시키고 각지역 관리업무에 대한 지도를 강화하기 위하여, 전국 식품·보건식품 사기 및 허위선전 관리업무 영도소조(지도그룹) 판공실이 ""식품·보건식품 사기 및 허위선전 관리 문답(QA)""(*)을 마련함. 기본상식, 생산·경영허가, 라벨표시, 특수식품, 수입식품, 허위선전, 사기판매, 광고심사와 관리감독, 불법첨가, 검사 등 방면에서 관련 법률·법규, 규정 등을 문답(QA) 방식으로 체계적으로 정리하여 각지역 관리감독당국이 ...",-9.823806762695312,"[7] 벨기에 연방식품안전청, 달걀 중 피프로닐에 관한 소비자 안내 벨기에 연방식품안전청(AFSCA)은 달걀 중 피프로닐에 관한 소비자 QA를 발표함. [질문 발췌]1. 피프로닐이란 무엇인가?2. 현재 피프로닐 문제는 왜 발생했는가?3. 어떠한 기준이 사용되었는가?4. 현재 달걀이 왜 소비자로부터 회수되었는가?5. 어떠한 달걀 로트가 회수되었는가?6. 다른 달걀들은 안전하게 섭취할 수 있는가?7. 자신의 (농가에서 생산한) 달걀들을 안전하게 섭취할 수 있는가?8. 달걀을 함유한 제품들은 건강에 안전한가?9. 왜 달걀에만 문제가 제기되고 가...",-9.824071884155273,"[8] 유럽식품안전청, 비동물유래 식품의 위험성에 관해 유럽식품안전청(EFSA)은 과일, 채소, 시리얼 및 향신료와 같은 비동물유래 식품(Foods of non-animal origin)의 위험한 점이 무엇인지에 관해 안내함. EFSA는 4년 간 비동물유래 식품이 발생시키는 위해도에 대해 면밀히 살펴보았음. EFSA의 생물학적 위해요소에 관한 패널은 이들 식품을 오염시킬 수 있는 병원성균으로 인한 공중 보건 위해도를 평가한 바, 패널단의 성과 중 주요 발견사항을 안내함. - 이들 식품류로 인한 리스크에는 무엇이 있는가?여러 식품은 넓은 범...",-9.824275016784668,"[9] 미국 FDA, 전장유전체 서열분석법으로 식품 안전 보장 전장유전체 서열분석법(WGS, Whole genome sequencing)은 식품을 오염시키고 발병 사건을 유발하는 미생물의 특성과 출처 파악 등, 식인성 병원균의 보다 나은 이해를 위해 미국 식품의약품청(FDA)의 활용빈도가 높아지고 있는 선진 기술임. 그 예로, 전장유전체 서열분석법은 최근 3월 초 집단 식중독에 관계된 리스테리아 모노사이토제네스의 유전자 지문을 연질치즈 샘플과 매치시키는데도 도움이 되었음. FDA는 연방, 주, 국제 차원의 정부 실험실에서 이 기술의 사용이...",-9.824423789978027,"[10] 독일 연방교육연구부, 유전체신기술(NGT) 관련 질의 및 답변 정보 게재 독일 연방교육연구부(BMBF)는 2023년 1월 26일 유전체 편집(genome-editing) 및 CRISPR/Cas9 등 유전체신기술(NGT, 독문명: 신배양기술(NZT, Neue Züchtungstechniken)) 관련 다음 5가지 질문에 대한 답변 정보를 게재하였음. ▷NGT는 무엇이며 어떻게 작동하는가  ▷NGT는 기존 배양 방식과 어떻게 다른가▷NGT는 기존 배양 방식에 비해 어떤 위험이 있는가▷NGT가 필요한 이유는 무엇인가▷NGT가 독일에서 아...",-9.824441909790039,,,,,,,,,,,,,,,,,,,,
4,"미국 소비자단체, 질맥스 판매 재개에 비판",머크사는 왜 2013년에 질맥스 판매를 중단했나요?,머크(사)는 소들이 질맥스를 섭취한 후 보행에 어려움을 겪는 증상이 보고되면서 질맥스 판매를 중단했습니다.,젖소의 보행이 어려운 문제로 인해 동물 복지가 우려되었기 때문입니다.,True,1,8.68449878692627,"[1] 미국 소비자단체, 질맥스 판매 재개에 비판 소비자단체인 '우육 첨가물 경보(Beef Additive Alert™)'는 소고기를 생산하는데 근육을 강화시키는 젖소 첨가물을 사용하는 것을 비판했음. 동 단체의 공동 설립자인 제라드 티머맨은 소고기 생산에 베타 아고니스트가 포함되어야 한다는 점에 대해 우리를 설득할 수 없을 것이라면서 소고기 가공업자들이 동물 복지를 위해 질맥스를 먹인 젖소를 수용하지 않고 미국 소고기의 품질과 일관성, 그리고 정직함을 보존하는데 계속해서 애써주기를 바란다고 전함. 머크(사)는 수익을 높이고, 체중을 증가...",8.68449878692627,"[2] 미국 머크(사), 동물용의약품 '질맥스' 판매 재개 수요일(현지시간), 미국 머크(사)(Merck  Co.)가 미국 시장에서 철수한 논란이 많은 동물용의약품의 안전성을 개선하기 위해 새로운 개정사항을 발표했음. 사료 첨가물인 '질맥스(Zilmax)'는 일부 동물이 보행하는 것이 어렵게 만든다는 축우업계의 우려로 2013년 8월에 시판이 중단되기 전까지 미국에서 체중 증강용으로 널리 사용되었음. 머크(사)는 종전에 250,000마리 소에 대해 질맥스제품을 테스트하기를 원한다고 밝혔으나 동물의 복지에 관한 우려로 지연되었음. 수요일, ...",8.064681053161621,"[3] 미국 머크(사), 당사의 동물용 의약품 안전성 검사 진행 중에 있으나 모호한 부분 많아.. 미국 머크(사)(Merck  Co Inc.)가 미국 소(cattle) 240,000마리의 검사를 통해 사료첨가제로 논란이 많았던 당사의 제품인 '질맥스(Zilmax)'가 안전하다는 것을 증명하기를 원하고 있음. 하지만 여기에는 카길(사)(Cargill Inc.)와 같은 대형 육가공업체가 동물용 의약품을 건드리는 것을 원치 않고 있음.  머크(사)는 지난 8월 미국과 캐나다엥서 동물의 비육을 목적으로 한 의약품의 판매가 중단된 이래로 이 동물용...",3.9488282203674316,"[4] 미국, 머크(사)의 보고 수치를 훨씬 초과한 '질맥스'와 관련된 소의 죽음 머크(사)의 사료 첨가제 '질맥스'와 관련한 폐사 소 개체수는 당사가 연방 정부에 보고한 수치보다 더 많다는 연구결과를 12일(현지시간) 텍사스 소재 연구팀이 프로스원(PLOS ONE)지에 발표함. 연구진은 10개 가축장에서 질맥스 사료를 섭취한 3,800 마리의 소가 2011년과 2012년에 폐사했고 그 중 40~50%가 질맥스 섭취와 관련이 있는 것으로 보여짐. PLOS ONE 저널에 실린 해당 연구에서 폐사한 개체수는 머크(사)가 '질맥스'를 시판한 2...",3.677122116088867,"[5] 미국 머크(사), 텍사스 테크 대학교에 저용량 질맥스 시험 지원 머크(사)(Merck  Co Inc)의 젖소 증강용 의약품인 질맥스(Zilmax) 판매를 재개하려면 가축 전문가들의 발언이 중요하다는 분위기 속에, 질맥스 저용량을 테스트하기 위해 머크(사)(Merck  Co Inc)가 자금을 지원하고 있음. 질맥스를 먹인 소가 보행이 불가하고 고통스러워하며, 절름거리거나 도축장에서 말발굽이 소실된 것을 보여준 사진과 비디오가 공개된 이후, 머크(사)는 미국과 캐나다 시장에서 질맥스 판매를 철회했음. 그로부터 약 18개월 뒤, 텍사스 ...",2.8341002464294434,"[6] 한국, 7월 중순 경 동물용 의약품 '질파테롤' 먹인 소고기 수입 금지 해제할 것으로 보여 2일(현지시간) 한국 식품 정부기관 관계자는 한국이 성장 촉진용 사료 첨가물의 금지에 관한 해제를 1개월 더 연장하여 7월 중순 경부터 소고기의 사료 첨가물 질파테롤(zilpaterol) 특정 수준을 허용게 될 것으로 보인다고 말했음. 한국은 지난 4월, 머크(사)(Merck  Co Inc.)의 질맥스(Zilmax)와 같은 질파테롤에 입각한 동물용 의약품의 불검출 원칙(Zero Tolerance) 정책을 6월부터 완화할 것이라고 밝혔음. 식품...",-2.2906112670898438,"[7] 한국, 질파테롤 먹인 소고기 수입 금지 해제 지연 한국 식품 정부기관 관계자는 16일(현지시간) 한국이 소고기에 사용되는 동물사료 첨가물인 질파테롤(zilpaterol) 특정 수준에 관한 허가를 7월 중순에서 8월로 미루었다고 전했음. 한국은 중국의 요청으로 6월부터 머크(사)(Merck  Co Inc.)의 질맥스(Zilmax)와 같은 질파테롤을 주성분으로 한 의약품의 불검출(zero tolerance)정책을 완화하기 위한 절차를 미룬바 있음. 실명을 밝히기를 거부한 이 관계자는 본지(Reuters)에 소고기 힘줄과 간에 각각 1 ...",-2.517988443374634,"[8] 우량 식품기업이었던 Husi사가 왜 식품안전문제의 블랙홀이 되었을까? 최근 육류 파문으로 사회적 물의를 빚고 있는 Shanghai Husi Food Co.,Ltd(上海福喜食品有限公司)는 1996년 미국이 단독 출자해 설립한 회사임. Husi 사는 5개의 생산라인과 육류,채소,과일,밀가루류 가공장을 보유하고 있으며 홍콩,일본 수출자격을 갖추고 있음. 상하이 Husi사의 모기업인 미국 OSI그룹은 17개국에 50여개의 식품가공장을 보유하고 있는 글로벌 식품그룹이며 중국 지역에 다수의 공장을 보유하고 있음.   사건 발생 전, 상하이 H...",-9.70632553100586,"[9] Modern Farming(사), 문제 소 사건 조사 협조...병든 소 판매 전 생산 우유 및 우유 출처 유통향방 의문   중국내 다수 유업에 원료 우유를 공급하는 Modern Farming(사)가 최근 병든 소 풍마에 휘말림. 회사 바오지(宝鸡)목장은 자체적으로 병든소 42마리를 판매함. 현재 4명이 구류 상태임. Modern Farming(사)는 어제 회사는 현재 관련 부처 조사에 협조하고 있다고 발표함.  현재, 시안(西安)시 공안국 식품약품 범죄수사팀이 조사 중에 있음. 경찰은 바오지 Modern Farming(사) 판매부장...",-9.757270812988281,"[10] 무알콜 맥주, 과연 무알콜인가? 일반 맥주의 대용으로서의 무알콜 맥주는 운전자들에게 인기. 하지만, 대다수의 사람들이 아는 바와 달리, 무알콜 맥주가 완전히 무알콜(Alcohol-free)는 아님. 무알콜 맥주와 관련해 주요 질문들을 요약한 내용 하단 요약 1) 왜 무알콜 맥주가 인기인가? - 많은 사람들이 맥주는 좋아하지만, 만취하는 것은 싫어함. 따라서 운전자뿐 아니라 많은 이들에게 좋은 대안으로 꼽힘. 독일의 경우 인구통계상 젊은이들보다 어른들의 주량이 더 적어 소비성향을 바꾼 것도 있음. 또한, 건강에 대한 관심도가 높아진 ...",-9.804055213928223,,,,,,,,,,,,,,,,,,,,
5,"유럽식품안전청, 프로피온산, 프로피온산나트륨, 프로피온산칼슘, 피로피온산칼륨 안전성 재평가 의견 발표",유럽식품안전청이 프로피온산과 관련된 안전성 재평가에서 어떤 결론을 내렸나요?,유럽식품안전청은 프로피온산과 관련된 안전성 재평가에서 인체에 대한 유전독성 및 발암성 우려가 없다고 결론지었습니다.,"유럽식품안전청은 프로피온산과 관련하여 유전독성 및 발암성에 대한 우려가 없으며, 현재 승인된 용도와 수준으로 사용된다면 안전성 우려가 제기되지 않는다고 결론지었습니다.",True,1,9.828910827636719,"[1] 유럽식품안전청, 프로피온산, 프로피온산나트륨, 프로피온산칼슘, 피로피온산칼륨 안전성 재평가 의견 발표 유럽식품안전청의 식품첨가물 및 식품에 첨가하는 영양소 패널(ANS)은 프로피온산(E 280), 프로피온산나트륨(E 281), 프로피온산칼슘(E 282), 피로피온산칼륨(E 283)에 대한 안전성 재평가 의견을 발표함.  - 유전독성 및 발암성에 대한 우려 없음. - 프로피온산을 식품첨가물로 사용할 때 평균 및 95th percentile 식이노출치는 각각 0.7-21.1 mg/kg bw/day, 3.6-40.8 mg/kg bw/da...",9.828910827636719,"[2] 독일 BfR,  유럽식품안전청의 PFAS관련 재평가 결과 발표에 관한 Q&A 게재 유럽식품안전청 (EFSA)이 과불화화합물 (PFAS) 관련 재평가를 실시하여 결과를 발표함에 따라 독일 연방위해평가원 (BfR) 또한 관련 소비자 QA를 홈페이지에 게재하였음. 과불화화합물은 그 종류만 4700개가 넘어가는 산업용 인공화학물질로 분류되며, 인체와 환경에서 분해가 어렵다고 함. 이에 유럽식품안전청은 과불화화합물이 식품과 접촉하였을 시 인체에 미치는 위해성에 대한 재평가를 실시하였고 그 결과를 발표함.(*) 재평가는 특정 과불화화합물 (과...",0.0877685546875,"[3] EU 법원, EFSA의 글리포세이트 안전성 평가 관련 연구 접근 금지 결정 무효화하는 판결 내려 EU 법원은 유럽 식품 안전청 (EFSA)이 제초제의 독성 및 발암성에 관한 연구의 세부 내용을 국회의원에게 공개해야한다고 EU 법원은 판결(*)했음. 네 명의 녹색당 국회의원이 유럽 연합 일반 법원(EU General Court) 소송을 제기한 바 있음. 유럽 연합 일반 법원은 오늘 유럽식품안전청(EFSA)가 기업의 이익을 해칠 수 있다는 이유로 글리포세이트 안전성 평가에사용된 연구의 세부사항에 접근하는 것을 금지하는 결정을 내렸던 것...",-0.680361270904541,"[4] 유럽식품안전청, 식품첨가물 폴리에틸렌 글리콜 정밀 노출 평가 의견 게재 유럽식품안전청의 식품첨가물 및 식품에 첨가하는 영양소 패널(ANS)은 폴리에틸렌 글리콜(E 1521)이 식품첨가물로 사용되는 경우에 관한 정밀 노출평가 의견을 제시함. 폴리에틸렌 글리콜은 여러 국제기구의 평가가 이루어졌으며, 과거 '첨가물, 착항료, 가공보조제 및 식품접촉물질 패널(AFC)'도 그 안전성에 대한 과학적 견해를 밝힌 바 있음. AFC 패널은 2006년, 폴리에틸렌 글리콜이 가소제로서 의도한 용도 수준에서 식이보충제 타블렛 또는 캡슐의 필름 코팅제에...",-0.9138152599334717,"[5] 유럽식품안전청, 비스페놀A의 재평가를 위한 프로토콜 관련 의견수렴 실시 유럽식품안전청(EFSA)이 식품접촉물질에 널리 사용되는 화학물질, 비스페놀A(BPA)의 독성 재평가를 위한 프로토콜 초안의 의겸수렴을 실시함(*). 동 초안은 오는 2018년부터 시작할 재평가에 앞서 필요 정보, 방법 및 범위에 관하여 정의한 과학적 프로토콜을 다룸. 유럽식품안전청은 2015년 BPA에 관한 포괄적인 안전성 검토를 마쳤음. 당시 청의 과학전문가들은 BPA의 임시 일일섭취허용량(t-TDI)을 설정하고 미국에서 대규모 연구결과가 발표되면 독성 재평가...",-1.055591344833374,"[6] 유럽식품안전청, 식용색소 적색 제40호(Allura Red AC)의 정밀 노출평가에 관한 성명 발표 유럽식품안전청(EFSA)은 식용색소 적색 제40호(Allura Red AC, E 129)에 대한 정보가 추가로 제공되어 정밀 노출 평가를 실시했음. EFSA의 식품첨가물 및 식품에 첨가하는 영양소(ANS) 패널은 지난 2009년에 E 129에 대해 식품첨가물 용도로서 재평가를 실시하고 의견을 채택한 바 있음. 당시 패널은 1세~10세 어린이의 섭취량은 일일섭취허용량(ADI)인 7 mg/kg bw per day를 초과할 수 있다고 결론...",-1.6665794849395752,"[7] 유럽식품안전청, '유전자변형식품 패널의 GM 대두 환경위해평가 결론에 대한 보고서'에 관하여 평가보고서 발표 유럽식품안전청(EFSA)는 유전자변형식품 패널의 GM 대두 환경위해평가 결론에 대한 보고서(Bortolotto et al., 2014)와 그 수정사항(2015년 1월 8일, 온라인 발표)의 과학적 타당성를 평가하여 보고서를 발표함. 이번 평가에는 GM 대두 MON87701, MON89788과 다른 GM 대두에 관해 새로이 발견된 사실도 포함됨.  EFSA GMO 패널은 MON87701, MON89788과 다른 GM 대두에 대...",-1.7230665683746338,"[8] 유럽식품안전청, 농약 활성성분 펜디메탈린(pendimethalin) 위해성 동료평가 유럽식품안전청(EFSA)은 조사 회원국인 네덜란드와 스페인의 소관당국이 실시한 농약 활성성분 펜디메탈린(pendimethalin)의 초기 위해평가에 대한 동료평가 의견(*)을 발표했음.청은 집행위원회 시행규칙에 따라 동료평가를 시행했으며, 메소트리온을 제초제로서 곡류, 콩류, 당근을 대표 용례로 선정해 결론내렸음. 위해평가에 신뢰할 수 있는 종말점을 사용했으며 필수 정보 중 빠진 사항을 열거하였음. 평가 결과 우려 사항이 확인되었음.(*)http:/...",-1.7820388078689575,"[9] 독일 BMEL, 식품농업부 장관 율리아 클뢰크너가 이산화티타늄의 EU승인 철회를 요청한다고 발표 * 관련 기수집 정보: 유럽식품안전청, 식품첨가물로 이산화티타늄(E171)의 안전성 평가 견해 게재 (수집일자: 2021-05-07) 독일 연방식품농업부(BMEL)가 유럽식품안전청에서 발표한 이산화티타늄의 안전성 평가 견해에 따라서 식품농업부 장관인 율리아 클뢰크너가 식품첨가물 이산화티타늄의 EU승인 철회를 요청한다고 발표하였음. 유럽식품 안전청(EFSA)은 금일 식품첨가물 이산화티타늄이 안전하지 않다는 안전성 평가의 최종결론을 내렸으며...",-2.376728057861328,"[10] 유럽연합 집행위,  EFSA 글리포세이트 평가 견해를 반박하는 공개 서신 수신 독물학자 크리스토퍼 포르티에*는 글리포세이트에 노출된 설치류의 건강에 관한 연구자료들을 재분석한 후 유럽연합 집행위원회(EU 집행위)에 글리포세이트 독성 자료에 관한 투명한 재평가를 요청함. 박사에 따르면 유럽 당국들은 종양 증가를 나타내는 연구자료들을 고려하지 않았음. 지난 2015년에 박사는 EU 집행위 보건위원에게 글리포세이트가 발암성이 없다고 결론내린 유럽식품안전청(EFSA) 견해를 고려하지 말 것을 요청한 바 있음. 박사는 지난 28일 EU 집행...",-2.504563331604004,,,,,,,,,,,,,,,,,,,,
6,"미국, 바나나를 위협하는 곰팡이균의 확산 심각해",파나마병을 야기하는 곰팡이 균주 TR4가 미국 바나나 공급에 어떤 영향을 미치고 있나요?,"파나마병을 야기하는 곰팡이 균주 TR4는 미국 중남부 지역의 바나나 작물에 위협을 가하며, 이는 결국 미국의 바나나 공급에 악영향을 미칠 수 있음을 우려하고 있음. 하지만 문서에 따른 구체적인 미국 바나나 공급 현황에 대한 직접적인 언급은 없음. 해당 문서에 없음.","TR4 균주는 미국의 과일 공급을 심각하게 위협하고 있으며, 캐번디시 바나나 품종이 전멸되어 가고 있습니다.",True,1,9.848457336425781,"[1] 미국, 바나나를 위협하는 곰팡이균의 확산 심각해 세계의 바나나 상품을 위협에 빠뜨리는 곰팡이 균주의 확산으로 인해 바나나 식품망이 위기에 처했음. 1989년 최초로 파나마병(Panama disease)을 야기하는 곰팡이 균주(TR4)를 발견한 플로리다 주립대학 식물병리학 교수 랜디 플뢰츠는 라틴아메리카 생산자와 미국의 과일공급을 심각하게 위협하기 시작할 것이라고 전하며 아주 심각한 상황이라고 말했음. 그는 본 방송사(CNBC)와의 인터뷰를 통해 이 시점에 곰팡이 균주의 확산을 저지시킬 방도가 없다고 말했음.1,000여 품종의 바나나...",9.848457336425781,"[2] 라틴아메리카, 바나나 전염병 TR4 확산 위협 니카라과국립자치대학교의 파초과 식물 연구 프로젝트 책임자인 후안 카스테욘(Juan Castellón)은, 니카라과를 비롯한 라틴아메리카 국가들은 일명 '파나마병'이라고 알려져 있는 바나나 전염병 '푸사리움 TR4'병의 확산 예방을 위해 노력하고 있다고 밝힘.  유엔식량농업기구(FAO)는 지난 주, TR4가 아시아와 아프리카, 중동 지역에 이어 라틴아메리카로 확산될 수 있다고 경고한 바 있음.  카스테욘 박사에 따르면, TR4는 관리하기 까다로운 질병이며 수년 동안 관련 연구가 진행되었지...",7.514584064483643,"[3] 유엔식량농업기구(FAO), 각국에 바나나 전염병 TR4 확산 방지 대책 마련 촉구 유엔식량농업기구(FAO)는 바나나 작황에 치명적인 질병인 시들음병(Fusarium wilt)의 모니터링과 보고, 예방 대책을 강화하도록 각국에 촉구함. 시들음병은 최근 아시아를 시작으로 아프리카와 중동으로 확산되고 있으며 라틴아메리카 지역에도 확산될 가능성이 점쳐짐.  일명 '파나마병'이라고 알려져 있는 TR4는 바나나 생산 및 수출에 위협이 되고 있으며 결과적으로 바나나 가격에 심각한 영향을 줄 것으로 예상된다고 FAO는 밝힘. TR4는 글로벌 시장...",6.537820339202881,"[4] 호주 퀸즐랜드, 바나나 전염병인 '파나마병' 발생 호주 바나나 업계는 퀸즐랜드 북부 툴리 지역의 한 농장에서 바나나나무 곰팡이병인 파나마병 (Panama Tropical Race 4 (TR4))이 확인되자 방역 조치를 확대했음. 파나마병은 바나나나무를 황폐화할 가능성이 있는 곰팡이병임. 지난 주말, 퀸즐랜드 방역국(*)은 TR4 양성 반응이 나왔던 검체에 대한 2회차 검사결과를 발표하고, 퀸즐랜드 소재의 바나나 농장에서 해당 병해가 처음으로 발생한 사실을 확진했음.  호주바나나생산자협회(ABGC) 회장은 지난번 양성 검사 결과가 나...",3.2624502182006836,"[5] 유엔식량농업기구-세계 전문 단체, 바나나 질병 확산에 대응 요구 유엔식량농업기구(FAO)와 유관 기관들은 개발 도상국의 식품안보와 경제성장을 위협하는 바나나에 치명적인 푸자리움 마름병이 빠르게 확산되는 것을 저지하기 위한 전 세계적인 노력이 필요하다고 전하고 있음. 식물 과학계는 수 년간 전 세계에서 가장 인기있는 바나나 품종인 Cavendish가 마르고 죽어가게 만드는 새로운 푸자리움 계통 'TR4(Tropical Race 4)'의 희생양이 되었다고 경고왔음. 파나마병으로 알려져 있는 푸자리움 계통 중 'TR4'는 과거 인도네시아...",2.3267245292663574,"[6] 호주뉴질랜드 식품기준청, 유전자 변형 바나나 신청 관련 성명서 게재 호주뉴질랜드 식품기준청(FSANZ)은 질병 저항성이 있는 유전자 변형 바나나로 만든 식품을 허가해 달라는 퀸즐랜드공과대학교(QUT)신청에 대한 평가를 착수함. 파나마병 TR4(Panama disease TR4)(*)에 저항을 갖도록 개량된 바나나 종 QCAV-4는 평가 및 승인을 위해 FSANZ에 제출된 최초의 통 GM 과일임. 평가 신청 A1274(질병 저항이 있는 바나나 종 QCAV-4 유래 식품)(**)에 대한 평가에는 분자, 화학, 구성 및 영양 평가와 유전...",-3.45082950592041,"[7] 콜롬비아, 바나나 전염병 유입 예방 위한 통합 계획 추진 콜롬비아 농업부는 바나나를 쇠약하게 만드는 곰팡이균인 'Fusarium RT-4'가 콜롬비아에 유입되지 않도록 통합예방계획을 실시했음.  'Fusarium RT-4'는 식물 쇠약을 일으키는 균류로 황색 반점과 녹색 반점을 유발해 결국 식물을 죽음에 이르게 함. 이번 통합예방계획은 콜롬비아의 주요 바나나 재배지역의 모니터링과 식물위생 감시를 주 내용으로 함. 또한 농장에서 지속적인 감시를 실시하고 생산자들에게 바나나 전염병에 대한 교육을 하며 'Fusarium RT-4'의 유입...",-4.463154315948486,"[8] 미국 소비자단체, 항생제 내성에 관한 질의응답 정보 게시 미국 소비자 단체 '식품 및 물 지킴이(Food  Water Watch)'는 항생제 내성에 관해 소비자들이 궁금해 하는 사항에 대한 답변을 제시하였음. 항생제 내성에 관해서는 모두들 들어본 적이 있을 것임. 항생제 내성에 감염된 사람에 관한 끔찍한 시나리오는 이를 치유할 수 있다고 한 약품이 잘 듣지 않는 것임. 세계 주요 보건기관들은 항생제가 그 효용성을 빠르게 잃어가고 있다고 경고하고 있으며, 의약업체들은 새로운 약품을 개발하는데 박차를 가하고 있지 않음. 미국 질병통제예...",-9.72673511505127,"[9] 프랑스 식품환경노동위생안전청, 음식, 장보기 및 세척 관련 질의응답사항 발표 (COVID-19) 프랑스 식품환경노동위생안전청(이하 Anses)가 COVID-19 사태와 관련하여 음식, 장보기 및 세척에 관한 10가지 질의응답사항을 발표함. - 가축동물도 바이러스에 걸릴 수 있나요? 바이러스에 걸린 동물이 인간에게 바이러스를 전파할 수 있나요?가축동물과 음식이 COVID-19 원인 바이러스의 매개 역할을 한다는 증거는 없음. 따라서 음식을 통한 전염은 바이러스에 감염된 환자가 오염된 손으로 음식을 다루거나, 기침이나 재채기를 하며 튄...",-9.810770034790039,"[10] 미국 FDA, 전장유전체 서열분석법으로 식품 안전 보장 전장유전체 서열분석법(WGS, Whole genome sequencing)은 식품을 오염시키고 발병 사건을 유발하는 미생물의 특성과 출처 파악 등, 식인성 병원균의 보다 나은 이해를 위해 미국 식품의약품청(FDA)의 활용빈도가 높아지고 있는 선진 기술임. 그 예로, 전장유전체 서열분석법은 최근 3월 초 집단 식중독에 관계된 리스테리아 모노사이토제네스의 유전자 지문을 연질치즈 샘플과 매치시키는데도 도움이 되었음. FDA는 연방, 주, 국제 차원의 정부 실험실에서 이 기술의 사용이...",-9.82199478149414,,,,,,,,,,,,,,,,,,,,
7,"미국 동식물검역국, 멕시코 소로나주 열진드기 청정지역 승인안 발표",미국 동식물검역국이 멕시코 소로나주를 열진드기 청정지역으로 승인하려는 이유는 무엇인가?,미국 동식물검역국이 멕시코 소로나주를 열진드기 청정지역으로 승인하려는 이유는 미국으로 수입되는 소와 그 밖의 반추류에 대한 엄격한 진드기 구충제 침지 처리 요건과 관련 문서화 요건을 면제함으로써 수입 절차를 간소화하고 비용을 절감하기 위함임.,소노라산 소와 반추류의 수입에 관한 규제를 없애고 반추류 수입업자와 수출업자의 진드기 침지와 관련된 비용을 절감시키기 위함이다.,True,1,9.894928932189941,"[1] 미국 동식물검역국, 멕시코 소로나주 열진드기 청정지역 승인안 발표 미국 동식물검역국(APHIS)은 멕시코 소로나주를 열진드기 청정지역으로 승인할 것을 제안을 함.  당국은 미국의 통관 적격 요건으로 소로나에서 유래한 소와 그 밖의 반추류에 현재 적용되는 진드기 구충제 침지 처리 요건과 침지와 관련된 문서화요건의 면제 또한 마련함. 개정안은 더 이상 불필요하다고 간주되는 소노라산 소와 반추류의 수입에 관한 규제를 없애고 반추류 수입업자와 수출업자의 진드기 침지와 관련된 비용을 절감시킬 것임. 당국은 2014년 9월 15일까지 수렴된 ...",9.894928932189941,"[2] 미국 동식물검역국, 멕시코 소노마주 열진드기 무검출 지역 승인에 관한 개정안 발표 미국 동식물검역국(APHIS)은 열진드기(fever ticks)이 존재하지 않는 멕시코주의 한 지역으로 소노마주를 승인하기 위한 규정에 대한 최종 개정안을 발표함. 또한, 당국은 진드기 구충제 침액처리 요건을 면제 적용하고, 미국으로 수입하기 위한 자격 요건으로 소노마주에서 유래한 소와 기타 반추동물에 적용했던 그러한 침액과 관련된 문서화 요건도 면제함. 이번 조치는 소노마주에서 유래한 소와 기타 반추동물의 수입에 관한 규제도 철회시킬 것이며, 반추동...",8.850419044494629,"[3] 멕시코 농축수산농축개발식품부(Sagarpa), 미국이 (멕시코) 치와와 주를 꼬리소진드기 청정지역으로 인정 멕시코 농축수산농축개발식품부(Sagarpa)는 미국 농무부가 실질적으로 (멕시코) 치와와 주 거의 모든 지역에 대해 꼬리소진드기(Boophilus spp) 청정지역으로 인정한다는 내용을 공식 발표했다고 전함. 이로인해 멕시코는 좀 더 나은 경쟁력을 가지고 축산물과 가축을 수출할 수 있게됨. 멕시코 농축수산농축개발식품부는 치와와 주 정부와 지역 생산자들과의 협동 하에 체외기생충 청정국 지위를 획득하기 위해 위생 관련 행동을 실행...",-0.9756292104721069,"[4] 미국 동식물검역국, 캐나다 및 멕시코와 아프리카돼지열병 관련 예방 전략 공동 발표해 미국 동식물검역국 수석수의관 'Dr. Burke Healey'은 캐나다 수석수의관 'Dr. Jaspinder Komal', 멕시코 수석수의관 'Dr. Juan Gay Gutierrez'와 함께 북미 동물 건강 위원회(NAAHC) 18차 회의에서 아프리카돼지열병(ASF) 예방 및 대비 전략에 대한 성명을 발표했음. 주요 내용은 다음과 같음. NAAHC는 매년 회의를 열어 조류 인플루엔자, 구제역 등 동물 질병에 대한 예방과 대비 전략을 포함한 동물 보...",-2.9625327587127686,"[5] 미국 동식물검역국, 멕시코산 신선 돈육 및 돈육가공품 수입 개정안 발표 미국 동식물검역국(APHIS)은 멕시코산 신선 돈육 및 돈육가공품을 미국 본토로 수입하기 위해 동물 및 동물 가공품의 수입 규정에 관해 고전적인 저위해(low-risk) 돼지열 지역으로 지정하기 위한 개정을 제안함. 개정안에 따라, 이러한 돼지 및 돼지 가공품은 엄격한 위생 및 생물안전 요건에 부합하는 농가에서 사육된 돼지로부터 얻은 것이어야 함. APHIS는 해당 요건에 부합하지 않는 가축 및 그 가공품과의 혼입을 예방하기 위한 방책도 제시함. 돈육 혹은 돈육...",-3.5577101707458496,"[6] 미국 동식물검역국, 멕시코산 해스 아보카도 수입 허용 개정안 제안 미국 동식물검역국(APHIS)은 현재 검역 해충을 경감시키기 위한 체계 접근법 하에 멕시코 미초아칸주에서 해스 아보카도(Hass Avocado)를 미국, 하와이, 그리고 푸에르토 리코 지역으로 통관시키는 것을 허용하고 있음. 당국은 멕시코 각각의 주(states)에서 작업 운영계획과 규칙에 규정하고 있는 요건을 부합하는 한, 멕시코 전역에서 생산된 신선 해스 아보카도를 미국, 하와이, 그리고 푸에르토 리코 지역으로 수입하도록 규정을 개정하고자함. 이는 초창기에 멕시코...",-4.924703121185303,"[7] 미국 축산협회, 동식물검역국의 아르헨티나산 소고기 수입안에 반대의사 표명 미국 아이오와 축산업자 협회인 에드워드 그레이먼(Ed Greiman) 대표는 농무부 소속 동식물검역국이 아르헨티나산 소고기 수입을 허용하겠다고 결정한 것이 미국 소고기 생산업자들의 우려를 야기할 수 있다는 성명문을 발표함. 동 협회는 규정 개정에 반하는 의견도 서술했음. 당국이 제안한 안은 아르헨티나 파타고나지역에서 나는 신선, 냉장, 냉동 소고기의 수입을 허용하겠다는 것임. 미국 축산협회의 존 우스터 대표는 성명문에서 아르헨티나 특정 지역의 신선 소고기를 미...",-6.324102878570557,"[8] 미국 식품안전검사국, 식품안전과 코로나19 관련 FAQ 업데이트 미국 식품안전검사국(FSIS)이 식품안전과 코로나19 관련 자주 묻는 질문들(FAQ)*을 업데이트했음. * 전체 질문과 답변 : https://www.usda.gov/coronavirus 새로 추가되거나 수정된 질문은 아래와 같음(*3번~7번 답변은 상기 링크 참조) 1. 행정명령이 농업부에 지시하는 사항은 무엇인가  - 2020년 4월 28일 화요일 트럼프 대통령이 서명한 행정명령 13917은 농업부 장관에게 대통령의 권한을 위임함으로써 미국 육류 및 가금류 가공업체...",-9.750021934509277,"[9] 유럽의회, GMO 재배 승인 절차에 관한 규정 개정안 표결 실시 유럽연합(EU)은 유전자변형(GM) 식품과 관련하여 전세계에서 가장 엄격한 규정을 보유하고 있는 지역에 속하며 GM 농산물은 엄격한 위해 평가를 거쳐야만 재배 승인을 받을 수 있음. 유럽이사회는 EU 회원국들이 GMO의 자국 영토 내 재배와 관련하여 보다 유연하게 결정할 수 있도록 하는 제안에 동의한 바 있음. 유럽의회 의원들은 13일 오전에 이에 관한 논의 및 표결을 실시할 예정임. 다음은 GMO 재배와 관련한 QA 내용임. Q. EU 역내에서 GMO를 재배할 수 있...",-9.820364952087402,"[10] 유럽의회, EU 역내 GMO 재배 관련 Q&A 발표 유럽연합(EU)의 유전자변형농산물(GMO) 관련 규정은 매우 엄격함. EU 역내에서 GMO를 재배하려면 위해평가 절차를 거쳐야 함. EU 회원국들이 현행보다 더 많은 제한 조치를 요구하고 있어 유럽연합집행위원회(EC)는 관련 규정의 개정을 제안한 바 있음. 유럽의회와 이사회는 EU의 개정안을 검토 중임.  Q. EU 역내에서 GMO를 재배할 수 있나?A. 그렇다. 그러나 유럽식품안전청(EFSA)의 엄격한 위해평가를 거친 뒤 EU의 승인을 받아야 함. EU 승인을 받은 GMO를 재배...",-9.821364402770996,,,,,,,,,,,,,,,,,,,,
8,"[회수]호주 Mountain View Organic Dairy, 유해 병원균 함유 가능성으로 목욕용 우유 회수",Mountain View Organic Dairy의 목욕용 우유는 언제 회수되었나요?,2014년 12월 12일에 회수되었습니다.,2014년 12월 12일에 회수되었습니다.,True,1,9.881248474121094,"[1] [회수]호주 Mountain View Organic Dairy, 유해 병원균 함유 가능성으로 목욕용 우유 회수 *12일자 경쟁소비자위원회(ACCC) 안내문으로 기수집한 정보  - 회수일시: 2014.12.12- 유통지역: 빅토리아주 (*상세 거래처명은 원문 참조)- 제품명: Organic Bath Milk (목욕용 비저온살균 생유, 1리터 또는 2리터 포장, 화장품으로 판매, 식용 부적합 표시, 유통기한 181214)- 회수사: Mountain View Organic Dairy- 회수사유: 유해 병원균 함유 가능성...",9.881248474121094,"[2] 호주 경쟁소비자위원회, 'Mountain View Farm(사)'의 유기농 목욕용 우유 회수 안내  호주 경쟁소비자위원회(ACCC)는 'Mountain View Farm(사)'의 유기농 목욕용 우유 제품 'Organic Bath Milk'가 금일 회수되었다고 소비자들에게 알렸음. 생유로 만든 이 제품은 저온살균처리가 되어 있지 않으며, 1리터와 2리터 용량으로 판매되었음.  위원회는 해당 제품이 최근 일반 저온살균유로 착각한 유아들에게서 건강 이상이 발견되었다면서 비저온살균을 절대 마시면 안된다고 거듭 당부했음.  호주는 식용 생유...",4.518579483032227,"[3] [회수]미국 Mountain View Packaging, LLC., 알레르기 유발성분 밀 등 미표시로 닭강정 회수  - 일시: 2017.01.19- 지역: 미국 아이다호주 소재의 한 유통업체에 판매되어 애리조나, 콜로라도, 아이다호, 몬타나, 네바다, 유타 및 와이오밍 주로 추가 유통- 제품명: @ease Sweet Chili Chicken Meal Starter (18온스, 최적소비기한 5/17/2018, UPC 36800-38348, 시설번호 EST. P-39904, 포장일 2016.12.23/12.30, 회수물량 약 1,080...",-2.6617398262023926,"[4] [E/R]미국 Mountain View Bakery, 알레르기 유발성분 우유 미표시로 빵류 회수 -지역: 미국 TN-회수사: Mountain View Bakery (회수중, 회수일: 10/19/2021)-회수사유: 알레르기 유발성분 우유 미표시-제품명: 1) Mountain View Bakery Apple White Chocolate Bread 4oz 또는 8oz 포장. (Batch Numbers: 09/29/21 - 10/19/21 Best By Dates: 10/04/21 - 10/26/21)2) Mountain View Bak...",-3.183605432510376,"[5] 뉴질랜드 원유 지지자, 원유를 마신 아이가 사망한지 6년이 지난 후.. 다시 원유 유통되길 원해 빅토리아주 낙농업자인 빅키 존스는 2014년 12월 깁슬랜드 지역 근처의 보건 공무원으로부터 아이들이 사망하였고, 공통적으로 모두 자신의 우유를 마셨다는 연락을 받았다고 함. 해당 우유는 '원유' 또는 미살균 우유였으며 존스의 마운틴 뷰 다이어리 팜(Mountain View Dairy Farm)은 목욕용 우유('음용에 적합하지 않습니다'라고 표시된 제품)로 판매하고 있었다고 함. 보건 공무원은 그녀에게 3살짜리 한 남자아이가 목욕용 우유...",-3.5457355976104736,"[6] [회수]미국 Mountain Fresh Dairy, LLC, 저온살균 불충분으로 저지방유 회수 - 일시: 2017.6.28- 지역: 뉴저지 소재 Non Profit Grocery Stores 3곳에서 판매- 제품명: Mountain FRESH KOSHER DAIRY CHOLOV YISROEL  1% Lowfat Milk (0.5 갤런, 용기코드 USE BY JUL 07 2017)- 회수사(생산사): Mountain Fresh Dairy, LLC- 회수사유: 저온살균 불충분- 기타: 뉴욕주 농업유통부의 정기검사를 통해 해당로트의 저온...",-4.225691795349121,"[7] [회수]캐나다 Mountain Valley Dairy Ltd., 황색포도상구균 및 대장균 오염으로 치즈 회수 - 최초 발표 일자: 2023-05-31 (최신 업데이트 일자: 2023-05-27)- 유통지역: 캐나다 British Columbia, Alberta- 회수사: Mountain Valley Dairy Ltd.- 제품정보: 브랜드; 제품; 크기; 코드; UPC Kootenay Meadows; Nostrala Firm Surface-Ripened Organic Cheese; 다양; 231222; 8 75091으로 시작- 회수사...",-4.747318744659424,"[8] [회수]캐나다 Mountain Valley Dairy Ltd., 대장균으로 치즈 회수 - 최초 발표 일자: 2023-07-07 (최신 업데이트 일자: 2023-07-05)- 유통지역: 캐나다 Alberta- 회수사: Mountain Valley Dairy Ltd.- 브랜드명: Kootenay Meadows- 제품명: Nostrala Firm Surface-Ripened Organic Cheese. 코드: 240123. UPC: '8 75091'로 시작.- 회수사유: 대장균...",-5.56057071685791,"[9] 호주 3세 유아, 비저온살균유 먹고 사망  호주 빅토리아주에서 3세 유아가 사망하자 문제가 된 소형 생유업체가 부인하고 나섰음. 피해 아동은 최근 목욕용 우유(bath milk)가 표시된 비저온살균유를 먹고 사망했음.  비저온살균 내지 생유는 호주에서 식용으로 판매할 수 없으나 피해 아동이 마신 우유는 화장품으로 판매된 제품이었음. 'Mountain View Farm(사)'가 제조한 이 제품은 통상 다른 우유들과 포장, 라벨이 유사했음.  업체 소유주는 비식용이라 뚜렷히 적힌 제품을 스스로 마셔본 적이 있다고 언급하면서, 식용이 아...",-6.440910816192627,"[10] 호주 퀸즐랜드 보건부 장관 ‘목욕용 우유’의 섭취 또는 사용 경고 호주에서 보통 “목욕용 우유”로서 화장품으로 판매되는 생유, 즉 비살균 우유에 대해 경고가 내려졌음. 퀸즐랜드주 보건부 장관은 생유가 사람의 섭취용으로 부적합하다고 말했음. 장관은 “목욕용 우유는 사람 섭취용이 아니다. 이는 식품이 아니며 따라서 호주뉴질랜드 식품기준공전의 라벨링 요건이 적용되지 않는다. 비살균 우유 섭취는 우유 속 병원균으로 인해 감염 위험을 높인다. 이런 이유로 우유로 목욕하는 것 또한 권고하지 않는다.” 라고 말했음. 장관은 비살균 우유를 금지하...",-8.250823974609375,,,,,,,,,,,,,,,,,,,,
9,"미국, 카프리 썬 주스제품에서 곰팡이 발견",카프리 썬 주스제품의 포장 시스템에 어떤 변화가 있었나요?,크라프트(사)의 카프리 썬은 포장 시스템에 큰 변화를 주고 있음. 이번달 새로 출시된 새로운 파우치에는 깨끗한 내용물을 확인할 수 있을 것임.,"카프리 썬은 포장 시스템에 큰 변화를 주었으며, 이번 달 새로 출시된 파우치에는 깨끗한 내용물을 확인할 수 있게 되었습니다.",True,1,9.534252166748047,"[1] 미국, 카프리 썬 주스제품에서 곰팡이 발견 미국 위스콘신주에 뉴 베를린에 거주하는 한 소비자 수잔 호그(Suzanne Hogue)는 그녀의 5살 난 아들의 주스박스 제품에서 곰팡이를 발견했다고 본 방송사(FOX6′s Contact 6)에 알렸음. 그녀는 아들에게 줄 주스를 컵에 따랐는데 컵 안에 내용물은 갈색의 검고, 녹색을 띄었다고 함. 전문가는 주스박스에서의 곰팡이 성장은 아마 공기 중에 노출되어 일어날 수 있는 현상이라고 말했음. 미국 전역에 걸친 소비자들이 주스박스와 파우치 제품에서 곰팡이를 발견한 것과 관련해 항의하고 있지...",9.534252166748047,"[2] 미국 크라프트(사), 카프리선의 고과당옥수수시럽 성분 당으로 교체 미국 크라프트 푸드(사)가 업체의 카프리 선(Capri Sun)에 함유된 고과당옥수수시럽 대신 당으로 감미를 내기 시작할 계획이라고 전했음. 업체는 오리지날 카프리선 음료에 이번 변경 계획을 적용시킬 것이며, 팩 당 열량도 60에서 50으로 낮출 것이라고 전함. 유로모니터 인터내셔널에 따르면 지난 3년간 카프리 선 판매가 감소했다고 함. 포장식품 제조업체는 더욱 자연에 가깝거나 그대로인 제품으로 전향하라는 외압에 시달리고 있음. 업체는 배합이 변경된 카프리선 음료는 ...",1.087396502494812,"[3] 프랑스 푸드워치,  어린이를 대상으로 한 카프리썬 제품 광고 중단 촉구 EU 식음료 업계에 당, 식염, 지방 함량이 높은 제품에 만화 캐릭터를 사용하지 말라는 압력이 거세지는 가운데, 프랑스 푸드워치는 'Coca Cola European Partners(CCEP)(사)'에 어린이를 대상으로 한 카프리썬(Capri-Sun) 광고를 중단할 것을 요구함.  프랑스 푸드워치는 해당 제품이 어린이에게는 지나치게 달다고 지적했음. 카프리썬은 종종 슈퍼마켓의 과일주스 코너에서 발견할 수 있으나, 과즙 농축액 함량은 12%에 불과하고 당은 19g...",-2.38012433052063,"[4] 영국, 켈로그사 시리얼제품에 '신호등표시' 할 것 켈로그(Kellogg's)사가 1월부터 영국에서 판매되는 대부분의 시리얼 포장에 ""신호등표시""라벨을 부착할 예정이라고 전하였음. 켈로그사는 이전에 표시제 도입을 거부한 바 있음. 2013년에 영국 정부가 도입한 신호등표시제는 소금, 설탕 또는 지방 식품의 양을 나타내는 것임.  켈로그사는 소비자, 정부 및 소매 업체의 의견을 듣고 난 후 결정에 변화가 있었다고 전하였음. 소비자 단체 ""Which?""는 이에 대해 긍정적인 움직임이라고 말했지만, 일부 시리얼 제품뿐만 아니라 모든 시리얼...",-8.36683464050293,"[5] 캐나다 식품검사청, 주스 및 주스 제품 관련 질문 및 답변 캐나다 식품검사청(CFIA)은 주스 및 주스 제품과 관련된 질문에 다음과 같은 답변을 제공함. Q1. 색을 내기 위한 목적으로 제품에 고농축 주스를 첨가하는 경우, 해당 원재료를 원재료 목록에 어떻게 표시해야 하나요A1. 원재료 및 알레르기 유발물질 표시에 대한 일반 규칙이 적용됨. 최종 식품에 따라, 당 기반의 원재료를 분류하는 요건도 적용될 수 있음. 색을 내기 위한 목적으로 첨가되는 고농축 주스는 원재료 목록에 표시되어야 하고, 그의 성분(components)이 있는 ...",-9.723519325256348,"[6] 호주뉴질랜드 식품기준청, 자주 묻는 질의응답 게시 호주뉴질랜드 식품기준청(FSANZ)은 청 홈페이지에 자주 묻는 질의응답을 다음과 같이 게시했음(9개 주제, 45개 질의응답, *각 질문의 답변은 원문 참조).  1. 식품업종 시작하기 - 면허발급 및 등록 - 면허를 취득하거나 식품 사업을 등록하는 방법은? ​​​​​​​​​​​​​​​​2. 식품 수입 - 식품 수입 ​​​​​​​​​​​​​​​​​​​​3. 라벨링- 식품 포장 라벨에 표시하는 회사 세부 정보로 실제 주소 대신 우편 주소 (사서함)를 사용할 수 있을까요- '소비기한(Us...",-9.760719299316406,"[7] 미국  상원의원, 식품의약품청에 식품안전영양센터의 지연 및 부작위에 대한 즉각적인 조치 및 답변을 요구하는 서한 발송 미국 상원보건교육노동연금(HELP)위원회 의장인 Patty Murray 상원의원은 가족의 건강과 안전을 위험에 빠뜨리는 미국 식품의약품청(FDA) 식품안전영양센터의 지연 및 부작위 문화를 드러낸 Politico의 보고서에 대한 답변과 즉각적인 조치를 촉구하는 서한을 미국 식품의약품청(FDA) 청장 Robert M. Califf에 발송했음. Patty Murray 의원은 서한을 통해 다음에 대한 답변을 2022년 4월...",-9.77717113494873,"[8] 미국 농무부, 코로나19에 대한 최신 정보 웹사이트 발표 미국 농무부(USDA)는 코로나19에 대한 최신 정보를 제공하는 웹사이트(*)를 발표하였음. 코로나19 발생은 상황을 빠르게 변화시키고 있음. USDA는 코로나19가 식품이나 식품 포장에 의해 전이된다는 것을 뒷받침하는 인간의 질병에 대한 어떠한 보고도 받은 것 없음. 그러나, 식품을 준비하거나 다룰 때, 우수 위생 규범을 준수하는 것은 늘 중요함.  웹사이트에는 식품과 관련하여 다음과 같은 질문을 다루고 있음. [식품안전]- 식품으로부터의 코로나바이러스로 인해 아플 수 있나...",-9.80453872680664,"[9] 일본 소비자청, ‘빨리 이해하는 식품 표시 가이드’ 팸플릿 자료 공개(사업자 대상) 일본 소비자청은 2024년 9월에 사업자 대상의 '빨리 이해하는 식품 표시 가이드' 팸플릿 자료를 공개하였음. 자료의 세부 구성은 아래와 같음. <식품표시법 및 식품표시기준의 개요>- 식품표시법에서는 소비자 등에게 판매되는 모든 식품에 식품표시가 의무화되어 있음 > 식품표시기준을 지키지 않으면 <신선식품 표시>- 농산물 / 축산물 / 수산물  > 소비자 대상으로 판매할 경우에 표시가 필요한 사항은 명칭과 원산지 > 일정 요건에 해당할 경우에 표시가 ...",-9.811787605285645,"[10] 독일 BfR, 식품 및 소비자 제품 중 알루미늄에 대한 Q/A 발표 독일 연방위해평가원(BfR)은 식품 및 화장품 등 소비자들이 자주 이용하는 제품 중 알루미늄에 대한 Q/A를 발표하였으며, 주요 내용은 다음과 같음. 유럽식품안전청(EFSA)은 2008년 가공되지 않은 식품 중 전형적인 알루미늄 함량은 5 mg/kg 미만이나, 일부 식품에서는 알루미늄 함량이 더 높을 수 있다고 밝혔음. 2008년도 자료에 따르면 식품을 통해 일주일간 0.2 ~ 1.5mg/kg의 알루미늄을 섭취(체중 60kg인 성인의 경우 매일 1.7~13mg)함....",-9.818365097045898,,,,,,,,,,,,,,,,,,,,
10,"미국, 에볼라 바이러스 감염환자 2명.. 실험약물 투여 후 증세 호전",ZMapp 실험 약품 투여 후 켄트 브랜틀리의 상태는 어떻게 변했나요?,켄트 브랜틀리는 ZMapp 실험약물 투여 후 호전되어 걸을 수 있게 되었습니다.,브랜틀리는 걸을 수 있게 되었습니다.,True,1,8.725218772888184,"[1] 미국, 에볼라 바이러스 감염환자 2명.. 실험약물 투여 후 증세 호전 에볼라 바이러스에 감염되었다고 보도된 켄트 브랜틀리(Kent Brantley)와 낸시 라이트볼(Nancy Writebol)의 증세가 'ZMapp'이라는 실험 약품이 투여된 뒤 호전되고 있음. 아틀란타 에모리 대학병원에서 치료를 받고 있는 브랜틀리는 걸을 수 있게 되었으며, 라이트볼은 화요일(5일) 아틀란타에 당도할 예정이라고 함. 7월 22일, 브랜틀리는 열병 증세를 겪기 시작했으며, 라이트볼의 증세는 3일 뒤 시작되었음. 원조기관인 '사마리안의 지갑(Samari...",8.725218772888184,"[2] 에볼라 바이러스 감염된 스페인 신부, 실험약물 ZMapp로 치료 중 라이제리아에서 에볼라 바이러스에 감염된 미겔 파하레스(Miguel Pajares) 신부는 현재 스페인에서 실혐약물인 ZMapp 치료를 받고 있음. 미국인 환자 2명도 이 약물로 치료를 받고 있는 것으로 알려짐. ZMapp는 스페인의약품보건제품청(AEMPS)의 특별 수입 허가를 통해 토요일(9일)에 수입되었음.  실험약물 ZMapp는 실험 단계에 있는 약물로서, 미국인 환자 2명의 치료에 사용되기 전까지 임상시험을 거친 적이 없음. 보건당국은 이 약물의 효과에 대해 ...",-4.32560396194458,"[3] 라이베리아, 지맵 투여한 에볼라 감염 의사 사망 실험용 에볼라 바이러스 치료약인 지맵(ZMapp)을 투여 받은 아프리카인 3명 중 한 명이었던 라이베리아의 한 의사가 사망하였다고 라이베리아 정보부 장관이 월요일 밝혔음.  에이브라함 보르보르(Abraham Borbor) 박사는 ZMapp을 투여 받은 최초의 아프리카인이었음. 앞서 ZMapp을 투여 받은 미국인 2명은 살아났지만, 스페인 신부는 사망하였음. 약물을 투여 받은 나머지 라이베리아인 2명에 대해서는 관련 소식이 전해지지 않았음.  정보부장관 루이스 브라운은 보르보르 박사가 ...",-4.387750148773193,"[4] 일본 농림수산성, 살모넬라 백신 효과 등이 추가된 '달걀의 생산위생관리 핸드북' 개정 농림수산성 소비안전국은 이번에 ‘달걀의 생산위생관리 핸드북 - 채란(採卵) 양계장·지도자편’을 개정함. 동 핸드북은 생산자편과 지도자편이 있음. 생산자편은 사육관리의 포인트를 알기 쉽게 정리하였음. 지도자편은 위생대책을 지도하거나 실천할 때 활용하는 것으로서 구체적인 데이터를 담고 있음. 이번에 살모넬라에 관한 과학적 데이터를 추가하여 개정하였음.추가된 내용의 개요는 다음과 같음. 1. 살모넬라 백신 접종에 의해 분변에 배출되는 살모넬라 양은 줄어...",-9.770370483398438,"[5] 일본 후생노동성, 잔류농약 Q&A 페이지 공개 본 후생노동성은 3월 2일, 잔류농약 QA 페이지를 공개함. 질의 응답 내용은 총 5개로 질문은 아래와 같음. (필요 시 답변 내용은 원문 참조) Q1. 농약 등의 잔류기준은 어떻게 정해집니까?Q2. 식품 중의 잔류농약 등은 어떻게 검사되고 있습니까?Q3. 포스트하비스트의 규제는 어떻게 되어 있습니까?Q4. 일본의 잔류농약 등의 기준은 국제적으로 보아 엄격하다고 들었습니다만?Q5. 포지티브리스트제도 도입 후의 잔류기준 설정은 어느정도 진행되고 있습니까...",-9.82408618927002,"[6] 감미료 '스플렌다' 업체, 이탈리아 연구진이 최근 발표한 연구의 결함 주장 감미료 스플렌다(Splenda) 제조업체 CEO는 최근 이탈리아 라마찌니 연구소(Ramazzini Institute)가 발표한 스플렌다의 백혈병 발병 위험성 연구의 결함을 주장함.국제직업환경보건저널(International Journal of Occupational and Environmentla Health)에 게재된 해당 연구소의 연구결과에 따르면 실험쥐를 대상으로 수크랄로스(Sucralose)를 투여했을 때 수컷의 백혈병 발생률이 높게 나왔음.그러나, ...",-9.82409381866455,"[7] 마카오 식품안전센터, 정전 및 침수 후 식품안전 위생 관련 FAQ 1. 정전이 발생한 후 집이나 식품 공급 장소의 냉장고(냉장 쇼케이스 등)에 보관하고 있던 식품은 계속 판매하거나 섭취할 수 있나?2. 식당, 수퍼마켓 또는 소매점포에서 판매하던 사전포장 제품이 침수되었을 때 어떻게 처리해야 하나?3. 식당, 수퍼마켓, 턱숍(Tuck shop) 등 식품 생산 및 소매점에서 어떤 사람이 위생안전에 부적합한 식품을 판매하는 것을 발견했거나 의심될 경우 어떻게 해야 하나?4. 위생안전에 부적합한 식품을 판매, 공급하는 것은 마카오 법률에 ...",-9.824121475219727,"[8] 인도 식품안전기준청, 규정 준수 FAQ 초안 고시 인도 식품안전기준청(FSSAI)는 규정 준수 FAQ의 초안을 고시함. 내용은 다음과 같음.1. '식품안전기준법 2006'은 어떻게 집행되는가?2. 집행은 어떻게 착수되는가?3. '식품안전기준법 2006'의 실행 및 집행은 누가 책임지는가? 혹은 인도의 식품법 아래 규제 권위자는 누구인가?4. 식품 사업 관리자(FBO)에 관해 집행 활동은 어떻게 이루어지는가?5. 소비자들은 어디서 식품안전기준청의 집행 활동 관련 정보를 찾을 수 있는가?6. 식품 사업 관리자에 관련된 책임 사항이 있는...",-9.824233055114746,"[9] 미국 식품안전검사국, 식품안전과 코로나19 관련 자주 묻는 질문에 대한 답변해 미국 식품안전검사국(FSIS)은 식품안전과 코로나19 관련 자주 묻는 질문과 그에 대한 답변을 게시하는 페이지(원문링크)를 개설하였음.  해당 페이지에는 다음과 같은 질문을 다루고 있음. > 공장에서 직원이 코로나19에 감염된다면 FSIS에 보고하는 것을 요구하나요? 기관에서는 응답을 할 것인가요> FSIS의 외국(또는 미국을 검사하는 외국) 식품안전 시스템의 검사는 코로나19로 인하여 연기되나요> FSIS가 규제하는 기관에서 코로나19 발생이 확인된다면...",-9.824237823486328,"[10] 독일 BMEL, 글리포세이트에 대해 Q&A 발표 독일 연방식품농업부(BMEL)는 글리포세이트에 대해 QA(*)를 발표함. 그에 대한 질문은 다음과 같음. 1)글리포세이트란 무엇인가?2)글리포세이트는 어떻게 작용하는가?3)독일에서 글리포세이트는 언제부터 사용되었는가?4)독일에서 글리포세이트를 사용하는 사람은 누구인가?5)어떤 제한이 글리포세이트의 사용에 대해 농업에서 존재하는가?6)농업에서 글리포세이트 함유 살충제의 대안은 무엇인가?7)농업에서 글리포세이트의 사용은 벌에 어떤 영향을 주는가?8)글리포세이트를 비농업 토지에 사용할 수 ...",-9.824374198913574,,,,,,,,,,,,,,,,,,,,
